transaction_id,bank_account,date,amount_minor,amount,currency,counterparty,reference,description,period
TXN-HIST-2025-10-0001,BANK-OPERATING,2025-10-01,94100,941.0,USD,Acme Supplies LLC,HIST-0001,IN Acme Supplies LLC,2025-10
TXN-HIST-2025-10-0002,BANK-OPERATING,2025-10-01,-98200,-982.0,USD,Amazon Web Services,HIST-0002,OUT Amazon Web Services,2025-10
TXN-HIST-2025-10-0003,BANK-OPERATING,2025-10-01,-102300,-1023.0,USD,Office Depot,HIST-0003,OUT Office Depot,2025-10
TXN-HIST-2025-10-0004,BANK-PAYROLL,2025-10-01,-106400,-1064.0,USD,Datadog,HIST-0004,OUT Datadog,2025-10
TXN-HIST-2025-10-0005,BANK-OPERATING,2025-10-03,110500,1105.0,USD,Office Depot,HIST-0005,IN Office Depot,2025-10
TXN-HIST-2025-10-0006,BANK-OPERATING,2025-10-03,-114600,-1146.0,USD,Datadog,HIST-0006,OUT Datadog,2025-10
TXN-HIST-2025-10-0007,BANK-OPERATING,2025-10-03,-118700,-1187.0,USD,Figma,HIST-0007,OUT Figma,2025-10
TXN-HIST-2025-10-0008,BANK-PAYROLL,2025-10-03,-122800,-1228.0,USD,Hartford Insurance,HIST-0008,OUT Hartford Insurance,2025-10
TXN-HIST-2025-10-0009,BANK-OPERATING,2025-10-05,126900,1269.0,USD,Figma,HIST-0009,IN Figma,2025-10
TXN-HIST-2025-10-0010,BANK-OPERATING,2025-10-05,-131000,-1310.0,USD,Hartford Insurance,HIST-0010,OUT Hartford Insurance,2025-10
TXN-HIST-2025-10-0011,BANK-OPERATING,2025-10-05,-135100,-1351.0,USD,Cambridge Properties,HIST-0011,OUT Cambridge Properties,2025-10
TXN-HIST-2025-10-0012,BANK-PAYROLL,2025-10-05,-139200,-1392.0,USD,Harbor Electric,HIST-0012,OUT Harbor Electric,2025-10
TXN-HIST-2025-10-0013,BANK-OPERATING,2025-10-07,143300,1433.0,USD,Cambridge Properties,HIST-0013,IN Cambridge Properties,2025-10
TXN-HIST-2025-10-0014,BANK-OPERATING,2025-10-07,-147400,-1474.0,USD,Harbor Electric,HIST-0014,OUT Harbor Electric,2025-10
TXN-HIST-2025-10-0015,BANK-OPERATING,2025-10-07,-151500,-1515.0,USD,GitHub,HIST-0015,OUT GitHub,2025-10
TXN-HIST-2025-10-0016,BANK-PAYROLL,2025-10-07,-155600,-1556.0,USD,Freightline Logistics,HIST-0016,OUT Freightline Logistics,2025-10
TXN-HIST-2025-10-0017,BANK-OPERATING,2025-10-09,159700,1597.0,USD,GitHub,HIST-0017,IN GitHub,2025-10
TXN-HIST-2025-10-0018,BANK-OPERATING,2025-10-09,-163800,-1638.0,USD,Freightline Logistics,HIST-0018,OUT Freightline Logistics,2025-10
TXN-HIST-2025-10-0019,BANK-OPERATING,2025-10-09,-167900,-1679.0,USD,Misc Supplies,HIST-0019,OUT Misc Supplies,2025-10
TXN-HIST-2025-10-0020,BANK-PAYROLL,2025-10-09,-172000,-1720.0,USD,Notion Labs,HIST-0020,OUT Notion Labs,2025-10
TXN-HIST-2025-10-0021,BANK-OPERATING,2025-10-11,176100,1761.0,USD,Misc Supplies,HIST-0021,IN Misc Supplies,2025-10
TXN-HIST-2025-10-0022,BANK-OPERATING,2025-10-11,-180200,-1802.0,USD,Notion Labs,HIST-0022,OUT Notion Labs,2025-10
TXN-HIST-2025-10-0023,BANK-OPERATING,2025-10-11,-184300,-1843.0,USD,Okta,HIST-0023,OUT Okta,2025-10
TXN-HIST-2025-10-0024,BANK-PAYROLL,2025-10-11,-188400,-1884.0,USD,Zoom Video,HIST-0024,OUT Zoom Video,2025-10
TXN-HIST-2025-10-0025,BANK-OPERATING,2025-10-13,192500,1925.0,USD,Okta,HIST-0025,IN Okta,2025-10
TXN-HIST-2025-10-0026,BANK-OPERATING,2025-10-13,-196600,-1966.0,USD,Zoom Video,HIST-0026,OUT Zoom Video,2025-10
TXN-HIST-2025-10-0027,BANK-OPERATING,2025-10-13,-200700,-2007.0,USD,Cloudflare,HIST-0027,OUT Cloudflare,2025-10
TXN-HIST-2025-10-0028,BANK-PAYROLL,2025-10-13,-204800,-2048.0,USD,Helios Hardware Supply,HIST-0028,OUT Helios Hardware Supply,2025-10
TXN-HIST-2025-10-0029,BANK-OPERATING,2025-10-15,208900,2089.0,USD,Cloudflare,HIST-0029,IN Cloudflare,2025-10
TXN-HIST-2025-10-0030,BANK-OPERATING,2025-10-15,-213000,-2130.0,USD,Helios Hardware Supply,HIST-0030,OUT Helios Hardware Supply,2025-10
TXN-HIST-2025-10-0031,BANK-OPERATING,2025-10-15,-217100,-2171.0,USD,Staples Business Advantage,HIST-0031,OUT Staples Business Advantage,2025-10
TXN-HIST-2025-10-0032,BANK-PAYROLL,2025-10-15,-221200,-2212.0,USD,ADP,HIST-0032,OUT ADP,2025-10
TXN-HIST-2025-10-0033,BANK-OPERATING,2025-10-17,225300,2253.0,USD,Staples Business Advantage,HIST-0033,IN Staples Business Advantage,2025-10
TXN-HIST-2025-10-0034,BANK-OPERATING,2025-10-17,-229400,-2294.0,USD,ADP,HIST-0034,OUT ADP,2025-10
TXN-HIST-2025-10-0035,BANK-OPERATING,2025-10-17,-233500,-2335.0,USD,Comcast Business,HIST-0035,OUT Comcast Business,2025-10
TXN-HIST-2025-10-0036,BANK-PAYROLL,2025-10-17,-237600,-2376.0,USD,CleanRoom Janitorial,HIST-0036,OUT CleanRoom Janitorial,2025-10
TXN-HIST-2025-10-0037,BANK-OPERATING,2025-10-19,241700,2417.0,USD,Comcast Business,HIST-0037,IN Comcast Business,2025-10
TXN-HIST-2025-10-0038,BANK-OPERATING,2025-10-19,-245800,-2458.0,USD,CleanRoom Janitorial,HIST-0038,OUT CleanRoom Janitorial,2025-10
TXN-HIST-2025-10-0039,BANK-OPERATING,2025-10-19,-249900,-2499.0,USD,HubSpot,HIST-0039,OUT HubSpot,2025-10
TXN-HIST-2025-10-0040,BANK-PAYROLL,2025-10-19,-254000,-2540.0,USD,Adyen NV,HIST-0040,OUT Adyen NV,2025-10
TXN-HIST-2025-10-0041,BANK-OPERATING,2025-10-21,258100,2581.0,USD,HubSpot,HIST-0041,IN HubSpot,2025-10
TXN-HIST-2025-10-0042,BANK-OPERATING,2025-10-21,-262200,-2622.0,USD,Adyen NV,HIST-0042,OUT Adyen NV,2025-10
TXN-HIST-2025-10-0043,BANK-OPERATING,2025-10-21,-266300,-2663.0,USD,Palo Alto Networks,HIST-0043,OUT Palo Alto Networks,2025-10
TXN-HIST-2025-10-0044,BANK-PAYROLL,2025-10-21,-270400,-2704.0,USD,Carta,HIST-0044,OUT Carta,2025-10
TXN-HIST-2025-10-0045,BANK-OPERATING,2025-10-23,274500,2745.0,USD,Palo Alto Networks,HIST-0045,IN Palo Alto Networks,2025-10
TXN-HIST-2025-10-0046,BANK-OPERATING,2025-10-23,-278600,-2786.0,USD,Carta,HIST-0046,OUT Carta,2025-10
TXN-HIST-2025-10-0047,BANK-OPERATING,2025-10-23,-282700,-2827.0,USD,Vanta,HIST-0047,OUT Vanta,2025-10
TXN-HIST-2025-10-0048,BANK-PAYROLL,2025-10-23,-286800,-2868.0,USD,Acme Supplies,HIST-0048,OUT Acme Supplies,2025-10
TXN-HIST-2025-10-0049,BANK-OPERATING,2025-10-25,290900,2909.0,USD,Vanta,HIST-0049,IN Vanta,2025-10
TXN-HIST-2025-10-0050,BANK-OPERATING,2025-10-25,-295000,-2950.0,USD,Acme Supplies,HIST-0050,OUT Acme Supplies,2025-10
TXN-HIST-2025-10-0051,BANK-OPERATING,2025-10-25,-299100,-2991.0,USD,Acme Supply Co.,HIST-0051,OUT Acme Supply Co.,2025-10
TXN-HIST-2025-10-0052,BANK-PAYROLL,2025-10-25,-303200,-3032.0,USD,Northline Fabrication,HIST-0052,OUT Northline Fabrication,2025-10
TXN-HIST-2025-10-0053,BANK-OPERATING,2025-10-27,307300,3073.0,USD,Acme Supply Co.,HIST-0053,IN Acme Supply Co.,2025-10
TXN-HIST-2025-10-0054,BANK-OPERATING,2025-10-27,-311400,-3114.0,USD,Northline Fabrication,HIST-0054,OUT Northline Fabrication,2025-10
TXN-HIST-2025-10-0055,BANK-OPERATING,2025-10-27,-315500,-3155.0,USD,Helios Hardware,HIST-0055,OUT Helios Hardware,2025-10
TXN-HIST-2025-10-0056,BANK-PAYROLL,2025-10-27,-319600,-3196.0,USD,Slack Technologies,HIST-0056,OUT Slack Technologies,2025-10
TXN-HIST-2025-10-0057,BANK-OPERATING,2025-10-29,323700,3237.0,USD,Helios Hardware,HIST-0057,IN Helios Hardware,2025-10
TXN-HIST-2025-10-0058,BANK-OPERATING,2025-10-29,-327800,-3278.0,USD,Slack Technologies,HIST-0058,OUT Slack Technologies,2025-10
TXN-HIST-2025-10-0059,BANK-OPERATING,2025-10-29,-331900,-3319.0,USD,Google Cloud,HIST-0059,OUT Google Cloud,2025-10
TXN-HIST-2025-10-0060,BANK-PAYROLL,2025-10-29,-336000,-3360.0,USD,Orbit Analytics,HIST-0060,OUT Orbit Analytics,2025-10
TXN-HIST-2025-10-0061,BANK-OPERATING,2025-10-31,340100,3401.0,USD,Google Cloud,HIST-0061,IN Google Cloud,2025-10
TXN-HIST-2025-10-0062,BANK-OPERATING,2025-10-31,-344200,-3442.0,USD,Orbit Analytics,HIST-0062,OUT Orbit Analytics,2025-10
TXN-HIST-2025-10-0063,BANK-OPERATING,2025-10-31,-348300,-3483.0,USD,Dell Technologies,HIST-0063,OUT Dell Technologies,2025-10
TXN-HIST-2025-10-0064,BANK-PAYROLL,2025-10-31,-352400,-3524.0,USD,Lindholm & Ruiz LLP,HIST-0064,OUT Lindholm & Ruiz LLP,2025-10
TXN-HIST-2025-11-0065,BANK-OPERATING,2025-11-01,356500,3565.0,USD,Dell Technologies,HIST-0065,IN Dell Technologies,2025-11
TXN-HIST-2025-11-0066,BANK-OPERATING,2025-11-01,-360600,-3606.0,USD,Lindholm & Ruiz LLP,HIST-0066,OUT Lindholm & Ruiz LLP,2025-11
TXN-HIST-2025-11-0067,BANK-OPERATING,2025-11-01,-364700,-3647.0,USD,Shadow Vendor LLC,HIST-0067,OUT Shadow Vendor LLC,2025-11
TXN-HIST-2025-11-0068,BANK-PAYROLL,2025-11-01,-368800,-3688.0,USD,Lenovo,HIST-0068,OUT Lenovo,2025-11
TXN-HIST-2025-11-0069,BANK-OPERATING,2025-11-03,372900,3729.0,USD,Shadow Vendor LLC,HIST-0069,IN Shadow Vendor LLC,2025-11
TXN-HIST-2025-11-0070,BANK-OPERATING,2025-11-03,-377000,-3770.0,USD,Lenovo,HIST-0070,OUT Lenovo,2025-11
TXN-HIST-2025-11-0071,BANK-OPERATING,2025-11-03,-381100,-3811.0,USD,Twilio,HIST-0071,OUT Twilio,2025-11
TXN-HIST-2025-11-0072,BANK-PAYROLL,2025-11-03,-385200,-3852.0,USD,Snowflake,HIST-0072,OUT Snowflake,2025-11
TXN-HIST-2025-11-0073,BANK-OPERATING,2025-11-05,389300,3893.0,USD,Twilio,HIST-0073,IN Twilio,2025-11
TXN-HIST-2025-11-0074,BANK-OPERATING,2025-11-05,-393400,-3934.0,USD,Snowflake,HIST-0074,OUT Snowflake,2025-11
TXN-HIST-2025-11-0075,BANK-OPERATING,2025-11-05,-397500,-3975.0,USD,CrowdStrike,HIST-0075,OUT CrowdStrike,2025-11
TXN-HIST-2025-11-0076,BANK-PAYROLL,2025-11-05,-401600,-4016.0,USD,Atlassian,HIST-0076,OUT Atlassian,2025-11
TXN-HIST-2025-11-0077,BANK-OPERATING,2025-11-07,405700,4057.0,USD,CrowdStrike,HIST-0077,IN CrowdStrike,2025-11
TXN-HIST-2025-11-0078,BANK-OPERATING,2025-11-07,-409800,-4098.0,USD,Atlassian,HIST-0078,OUT Atlassian,2025-11
TXN-HIST-2025-11-0079,BANK-OPERATING,2025-11-07,-413900,-4139.0,USD,Northline Fab Group,HIST-0079,OUT Northline Fab Group,2025-11
TXN-HIST-2025-11-0080,BANK-PAYROLL,2025-11-07,-418000,-4180.0,USD,Harbor Power & Light,HIST-0080,OUT Harbor Power & Light,2025-11
TXN-HIST-2025-11-0081,BANK-OPERATING,2025-11-09,422100,4221.0,USD,Northline Fab Group,HIST-0081,IN Northline Fab Group,2025-11
TXN-HIST-2025-11-0082,BANK-OPERATING,2025-11-09,-426200,-4262.0,USD,Harbor Power & Light,HIST-0082,OUT Harbor Power & Light,2025-11
TXN-HIST-2025-11-0083,BANK-OPERATING,2025-11-09,-430300,-4303.0,USD,FedEx,HIST-0083,OUT FedEx,2025-11
TXN-HIST-2025-11-0084,BANK-PAYROLL,2025-11-09,-434400,-4344.0,USD,WeWork Cambridge,HIST-0084,OUT WeWork Cambridge,2025-11
TXN-HIST-2025-11-0085,BANK-OPERATING,2025-11-11,438500,4385.0,USD,FedEx,HIST-0085,IN FedEx,2025-11
TXN-HIST-2025-11-0086,BANK-OPERATING,2025-11-11,-442600,-4426.0,USD,WeWork Cambridge,HIST-0086,OUT WeWork Cambridge,2025-11
TXN-HIST-2025-11-0087,BANK-OPERATING,2025-11-11,-446700,-4467.0,USD,Pagaya Coffee Service,HIST-0087,OUT Pagaya Coffee Service,2025-11
TXN-HIST-2025-11-0088,BANK-PAYROLL,2025-11-11,-450800,-4508.0,USD,Kendall Square Parking,HIST-0088,OUT Kendall Square Parking,2025-11
TXN-HIST-2025-11-0089,BANK-OPERATING,2025-11-13,454900,4549.0,USD,Pagaya Coffee Service,HIST-0089,IN Pagaya Coffee Service,2025-11
TXN-HIST-2025-11-0090,BANK-OPERATING,2025-11-13,-459000,-4590.0,USD,Kendall Square Parking,HIST-0090,OUT Kendall Square Parking,2025-11
TXN-HIST-2025-11-0091,BANK-OPERATING,2025-11-13,-463100,-4631.0,USD,Stripe Processing,HIST-0091,OUT Stripe Processing,2025-11
TXN-HIST-2025-11-0092,BANK-PAYROLL,2025-11-13,-467200,-4672.0,USD,DocuSign,HIST-0092,OUT DocuSign,2025-11
TXN-HIST-2025-11-0093,BANK-OPERATING,2025-11-15,471300,4713.0,USD,Stripe Processing,HIST-0093,IN Stripe Processing,2025-11
TXN-HIST-2025-11-0094,BANK-OPERATING,2025-11-15,-475400,-4754.0,USD,DocuSign,HIST-0094,OUT DocuSign,2025-11
TXN-HIST-2025-11-0095,BANK-OPERATING,2025-11-15,-479500,-4795.0,USD,Boston Edison Steam,HIST-0095,OUT Boston Edison Steam,2025-11
TXN-HIST-2025-11-0096,BANK-PAYROLL,2025-11-15,-483600,-4836.0,USD,Gusto Payroll,HIST-0096,OUT Gusto Payroll,2025-11
TXN-HIST-2025-11-0097,BANK-OPERATING,2025-11-17,487700,4877.0,USD,Boston Edison Steam,HIST-0097,IN Boston Edison Steam,2025-11
TXN-HIST-2025-11-0098,BANK-OPERATING,2025-11-17,-491800,-4918.0,USD,Gusto Payroll,HIST-0098,OUT Gusto Payroll,2025-11
TXN-HIST-2025-11-0099,BANK-OPERATING,2025-11-17,-495900,-4959.0,USD,Linear App,HIST-0099,OUT Linear App,2025-11
TXN-HIST-2025-11-0100,BANK-PAYROLL,2025-11-17,-500000,-5000.0,USD,Acme Supplies LLC,HIST-0100,OUT Acme Supplies LLC,2025-11
TXN-HIST-2025-11-0101,BANK-OPERATING,2025-11-19,504100,5041.0,USD,Linear App,HIST-0101,IN Linear App,2025-11
TXN-HIST-2025-11-0102,BANK-OPERATING,2025-11-19,-508200,-5082.0,USD,Acme Supplies LLC,HIST-0102,OUT Acme Supplies LLC,2025-11
TXN-HIST-2025-11-0103,BANK-OPERATING,2025-11-19,-512300,-5123.0,USD,Amazon Web Services,HIST-0103,OUT Amazon Web Services,2025-11
TXN-HIST-2025-11-0104,BANK-PAYROLL,2025-11-19,-516400,-5164.0,USD,Office Depot,HIST-0104,OUT Office Depot,2025-11
TXN-HIST-2025-11-0105,BANK-OPERATING,2025-11-21,520500,5205.0,USD,Amazon Web Services,HIST-0105,IN Amazon Web Services,2025-11
TXN-HIST-2025-11-0106,BANK-OPERATING,2025-11-21,-524600,-5246.0,USD,Office Depot,HIST-0106,OUT Office Depot,2025-11
TXN-HIST-2025-11-0107,BANK-OPERATING,2025-11-21,-528700,-5287.0,USD,Datadog,HIST-0107,OUT Datadog,2025-11
TXN-HIST-2025-11-0108,BANK-PAYROLL,2025-11-21,-532800,-5328.0,USD,Figma,HIST-0108,OUT Figma,2025-11
TXN-HIST-2025-11-0109,BANK-OPERATING,2025-11-23,536900,5369.0,USD,Datadog,HIST-0109,IN Datadog,2025-11
TXN-HIST-2025-11-0110,BANK-OPERATING,2025-11-23,-541000,-5410.0,USD,Figma,HIST-0110,OUT Figma,2025-11
TXN-HIST-2025-11-0111,BANK-OPERATING,2025-11-23,-545100,-5451.0,USD,Hartford Insurance,HIST-0111,OUT Hartford Insurance,2025-11
TXN-HIST-2025-11-0112,BANK-PAYROLL,2025-11-23,-549200,-5492.0,USD,Cambridge Properties,HIST-0112,OUT Cambridge Properties,2025-11
TXN-HIST-2025-11-0113,BANK-OPERATING,2025-11-25,553300,5533.0,USD,Hartford Insurance,HIST-0113,IN Hartford Insurance,2025-11
TXN-HIST-2025-11-0114,BANK-OPERATING,2025-11-25,-557400,-5574.0,USD,Cambridge Properties,HIST-0114,OUT Cambridge Properties,2025-11
TXN-HIST-2025-11-0115,BANK-OPERATING,2025-11-25,-561500,-5615.0,USD,Harbor Electric,HIST-0115,OUT Harbor Electric,2025-11
TXN-HIST-2025-11-0116,BANK-PAYROLL,2025-11-25,-565600,-5656.0,USD,GitHub,HIST-0116,OUT GitHub,2025-11
TXN-HIST-2025-11-0117,BANK-OPERATING,2025-11-27,569700,5697.0,USD,Harbor Electric,HIST-0117,IN Harbor Electric,2025-11
TXN-HIST-2025-11-0118,BANK-OPERATING,2025-11-27,-573800,-5738.0,USD,GitHub,HIST-0118,OUT GitHub,2025-11
TXN-HIST-2025-11-0119,BANK-OPERATING,2025-11-27,-577900,-5779.0,USD,Freightline Logistics,HIST-0119,OUT Freightline Logistics,2025-11
TXN-HIST-2025-11-0120,BANK-PAYROLL,2025-11-27,-582000,-5820.0,USD,Misc Supplies,HIST-0120,OUT Misc Supplies,2025-11
TXN-HIST-2025-11-0121,BANK-OPERATING,2025-11-29,586100,5861.0,USD,Freightline Logistics,HIST-0121,IN Freightline Logistics,2025-11
TXN-HIST-2025-11-0122,BANK-OPERATING,2025-11-29,-590200,-5902.0,USD,Misc Supplies,HIST-0122,OUT Misc Supplies,2025-11
TXN-HIST-2025-11-0123,BANK-OPERATING,2025-11-29,-594300,-5943.0,USD,Notion Labs,HIST-0123,OUT Notion Labs,2025-11
TXN-HIST-2025-11-0124,BANK-PAYROLL,2025-11-29,-598400,-5984.0,USD,Okta,HIST-0124,OUT Okta,2025-11
TXN-HIST-2025-12-0125,BANK-OPERATING,2025-12-01,602500,6025.0,USD,Notion Labs,HIST-0125,IN Notion Labs,2025-12
TXN-HIST-2025-12-0126,BANK-OPERATING,2025-12-01,-606600,-6066.0,USD,Okta,HIST-0126,OUT Okta,2025-12
TXN-HIST-2025-12-0127,BANK-OPERATING,2025-12-01,-610700,-6107.0,USD,Zoom Video,HIST-0127,OUT Zoom Video,2025-12
TXN-HIST-2025-12-0128,BANK-PAYROLL,2025-12-01,-614800,-6148.0,USD,Cloudflare,HIST-0128,OUT Cloudflare,2025-12
TXN-HIST-2025-12-0129,BANK-OPERATING,2025-12-03,618900,6189.0,USD,Zoom Video,HIST-0129,IN Zoom Video,2025-12
TXN-HIST-2025-12-0130,BANK-OPERATING,2025-12-03,-623000,-6230.0,USD,Cloudflare,HIST-0130,OUT Cloudflare,2025-12
TXN-HIST-2025-12-0131,BANK-OPERATING,2025-12-03,-627100,-6271.0,USD,Helios Hardware Supply,HIST-0131,OUT Helios Hardware Supply,2025-12
TXN-HIST-2025-12-0132,BANK-PAYROLL,2025-12-03,-631200,-6312.0,USD,Staples Business Advantage,HIST-0132,OUT Staples Business Advantage,2025-12
TXN-HIST-2025-12-0133,BANK-OPERATING,2025-12-05,635300,6353.0,USD,Helios Hardware Supply,HIST-0133,IN Helios Hardware Supply,2025-12
TXN-HIST-2025-12-0134,BANK-OPERATING,2025-12-05,-639400,-6394.0,USD,Staples Business Advantage,HIST-0134,OUT Staples Business Advantage,2025-12
TXN-HIST-2025-12-0135,BANK-OPERATING,2025-12-05,-643500,-6435.0,USD,ADP,HIST-0135,OUT ADP,2025-12
TXN-HIST-2025-12-0136,BANK-PAYROLL,2025-12-05,-647600,-6476.0,USD,Comcast Business,HIST-0136,OUT Comcast Business,2025-12
TXN-HIST-2025-12-0137,BANK-OPERATING,2025-12-07,651700,6517.0,USD,ADP,HIST-0137,IN ADP,2025-12
TXN-HIST-2025-12-0138,BANK-OPERATING,2025-12-07,-655800,-6558.0,USD,Comcast Business,HIST-0138,OUT Comcast Business,2025-12
TXN-HIST-2025-12-0139,BANK-OPERATING,2025-12-07,-659900,-6599.0,USD,CleanRoom Janitorial,HIST-0139,OUT CleanRoom Janitorial,2025-12
TXN-HIST-2025-12-0140,BANK-PAYROLL,2025-12-07,-664000,-6640.0,USD,HubSpot,HIST-0140,OUT HubSpot,2025-12
TXN-HIST-2025-12-0141,BANK-OPERATING,2025-12-09,668100,6681.0,USD,CleanRoom Janitorial,HIST-0141,IN CleanRoom Janitorial,2025-12
TXN-HIST-2025-12-0142,BANK-OPERATING,2025-12-09,-672200,-6722.0,USD,HubSpot,HIST-0142,OUT HubSpot,2025-12
TXN-HIST-2025-12-0143,BANK-OPERATING,2025-12-09,-676300,-6763.0,USD,Adyen NV,HIST-0143,OUT Adyen NV,2025-12
TXN-HIST-2025-12-0144,BANK-PAYROLL,2025-12-09,-680400,-6804.0,USD,Palo Alto Networks,HIST-0144,OUT Palo Alto Networks,2025-12
TXN-HIST-2025-12-0145,BANK-OPERATING,2025-12-11,684500,6845.0,USD,Adyen NV,HIST-0145,IN Adyen NV,2025-12
TXN-HIST-2025-12-0146,BANK-OPERATING,2025-12-11,-688600,-6886.0,USD,Palo Alto Networks,HIST-0146,OUT Palo Alto Networks,2025-12
TXN-HIST-2025-12-0147,BANK-OPERATING,2025-12-11,-692700,-6927.0,USD,Carta,HIST-0147,OUT Carta,2025-12
TXN-HIST-2025-12-0148,BANK-PAYROLL,2025-12-11,-696800,-6968.0,USD,Vanta,HIST-0148,OUT Vanta,2025-12
TXN-HIST-2025-12-0149,BANK-OPERATING,2025-12-13,700900,7009.0,USD,Carta,HIST-0149,IN Carta,2025-12
TXN-HIST-2025-12-0150,BANK-OPERATING,2025-12-13,-705000,-7050.0,USD,Vanta,HIST-0150,OUT Vanta,2025-12
TXN-HIST-2025-12-0151,BANK-OPERATING,2025-12-13,-709100,-7091.0,USD,Acme Supplies,HIST-0151,OUT Acme Supplies,2025-12
TXN-HIST-2025-12-0152,BANK-PAYROLL,2025-12-13,-93200,-932.0,USD,Acme Supply Co.,HIST-0152,OUT Acme Supply Co.,2025-12
TXN-HIST-2025-12-0153,BANK-OPERATING,2025-12-15,97300,973.0,USD,Acme Supplies,HIST-0153,IN Acme Supplies,2025-12
TXN-HIST-2025-12-0154,BANK-OPERATING,2025-12-15,-101400,-1014.0,USD,Acme Supply Co.,HIST-0154,OUT Acme Supply Co.,2025-12
TXN-HIST-2025-12-0155,BANK-OPERATING,2025-12-15,-105500,-1055.0,USD,Northline Fabrication,HIST-0155,OUT Northline Fabrication,2025-12
TXN-HIST-2025-12-0156,BANK-PAYROLL,2025-12-15,-109600,-1096.0,USD,Helios Hardware,HIST-0156,OUT Helios Hardware,2025-12
TXN-HIST-2025-12-0157,BANK-OPERATING,2025-12-17,113700,1137.0,USD,Northline Fabrication,HIST-0157,IN Northline Fabrication,2025-12
TXN-HIST-2025-12-0158,BANK-OPERATING,2025-12-17,-117800,-1178.0,USD,Helios Hardware,HIST-0158,OUT Helios Hardware,2025-12
TXN-HIST-2025-12-0159,BANK-OPERATING,2025-12-17,-121900,-1219.0,USD,Slack Technologies,HIST-0159,OUT Slack Technologies,2025-12
TXN-HIST-2025-12-0160,BANK-PAYROLL,2025-12-17,-126000,-1260.0,USD,Google Cloud,HIST-0160,OUT Google Cloud,2025-12
TXN-HIST-2025-12-0161,BANK-OPERATING,2025-12-19,130100,1301.0,USD,Slack Technologies,HIST-0161,IN Slack Technologies,2025-12
TXN-HIST-2025-12-0162,BANK-OPERATING,2025-12-19,-134200,-1342.0,USD,Google Cloud,HIST-0162,OUT Google Cloud,2025-12
TXN-HIST-2025-12-0163,BANK-OPERATING,2025-12-19,-138300,-1383.0,USD,Orbit Analytics,HIST-0163,OUT Orbit Analytics,2025-12
TXN-HIST-2025-12-0164,BANK-PAYROLL,2025-12-19,-142400,-1424.0,USD,Dell Technologies,HIST-0164,OUT Dell Technologies,2025-12
TXN-HIST-2025-12-0165,BANK-OPERATING,2025-12-21,146500,1465.0,USD,Orbit Analytics,HIST-0165,IN Orbit Analytics,2025-12
TXN-HIST-2025-12-0166,BANK-OPERATING,2025-12-21,-150600,-1506.0,USD,Dell Technologies,HIST-0166,OUT Dell Technologies,2025-12
TXN-HIST-2025-12-0167,BANK-OPERATING,2025-12-21,-154700,-1547.0,USD,Lindholm & Ruiz LLP,HIST-0167,OUT Lindholm & Ruiz LLP,2025-12
TXN-HIST-2025-12-0168,BANK-PAYROLL,2025-12-21,-158800,-1588.0,USD,Shadow Vendor LLC,HIST-0168,OUT Shadow Vendor LLC,2025-12
TXN-HIST-2025-12-0169,BANK-OPERATING,2025-12-23,162900,1629.0,USD,Lindholm & Ruiz LLP,HIST-0169,IN Lindholm & Ruiz LLP,2025-12
TXN-HIST-2025-12-0170,BANK-OPERATING,2025-12-23,-167000,-1670.0,USD,Shadow Vendor LLC,HIST-0170,OUT Shadow Vendor LLC,2025-12
TXN-HIST-2025-12-0171,BANK-OPERATING,2025-12-23,-171100,-1711.0,USD,Lenovo,HIST-0171,OUT Lenovo,2025-12
TXN-HIST-2025-12-0172,BANK-PAYROLL,2025-12-23,-175200,-1752.0,USD,Twilio,HIST-0172,OUT Twilio,2025-12
TXN-HIST-2025-12-0173,BANK-OPERATING,2025-12-25,179300,1793.0,USD,Lenovo,HIST-0173,IN Lenovo,2025-12
TXN-HIST-2025-12-0174,BANK-OPERATING,2025-12-25,-183400,-1834.0,USD,Twilio,HIST-0174,OUT Twilio,2025-12
TXN-HIST-2025-12-0175,BANK-OPERATING,2025-12-25,-187500,-1875.0,USD,Snowflake,HIST-0175,OUT Snowflake,2025-12
TXN-HIST-2025-12-0176,BANK-PAYROLL,2025-12-25,-191600,-1916.0,USD,CrowdStrike,HIST-0176,OUT CrowdStrike,2025-12
TXN-HIST-2025-12-0177,BANK-OPERATING,2025-12-27,195700,1957.0,USD,Snowflake,HIST-0177,IN Snowflake,2025-12
TXN-HIST-2025-12-0178,BANK-OPERATING,2025-12-27,-199800,-1998.0,USD,CrowdStrike,HIST-0178,OUT CrowdStrike,2025-12
TXN-HIST-2025-12-0179,BANK-OPERATING,2025-12-27,-203900,-2039.0,USD,Atlassian,HIST-0179,OUT Atlassian,2025-12
TXN-HIST-2025-12-0180,BANK-PAYROLL,2025-12-27,-208000,-2080.0,USD,Northline Fab Group,HIST-0180,OUT Northline Fab Group,2025-12
TXN-HIST-2025-12-0181,BANK-OPERATING,2025-12-29,212100,2121.0,USD,Atlassian,HIST-0181,IN Atlassian,2025-12
TXN-HIST-2025-12-0182,BANK-OPERATING,2025-12-29,-216200,-2162.0,USD,Northline Fab Group,HIST-0182,OUT Northline Fab Group,2025-12
TXN-HIST-2025-12-0183,BANK-OPERATING,2025-12-29,-220300,-2203.0,USD,Harbor Power & Light,HIST-0183,OUT Harbor Power & Light,2025-12
TXN-HIST-2025-12-0184,BANK-PAYROLL,2025-12-29,-224400,-2244.0,USD,FedEx,HIST-0184,OUT FedEx,2025-12
TXN-HIST-2025-12-0185,BANK-OPERATING,2025-12-31,228500,2285.0,USD,Harbor Power & Light,HIST-0185,IN Harbor Power & Light,2025-12
TXN-HIST-2025-12-0186,BANK-OPERATING,2025-12-31,-232600,-2326.0,USD,FedEx,HIST-0186,OUT FedEx,2025-12
TXN-HIST-2025-12-0187,BANK-OPERATING,2025-12-31,-236700,-2367.0,USD,WeWork Cambridge,HIST-0187,OUT WeWork Cambridge,2025-12
TXN-HIST-2025-12-0188,BANK-PAYROLL,2025-12-31,-240800,-2408.0,USD,Pagaya Coffee Service,HIST-0188,OUT Pagaya Coffee Service,2025-12
TXN-HIST-2026-01-0189,BANK-OPERATING,2026-01-01,244900,2449.0,USD,WeWork Cambridge,HIST-0189,IN WeWork Cambridge,2026-01
TXN-HIST-2026-01-0190,BANK-OPERATING,2026-01-01,-249000,-2490.0,USD,Pagaya Coffee Service,HIST-0190,OUT Pagaya Coffee Service,2026-01
TXN-HIST-2026-01-0191,BANK-OPERATING,2026-01-01,-253100,-2531.0,USD,Kendall Square Parking,HIST-0191,OUT Kendall Square Parking,2026-01
TXN-HIST-2026-01-0192,BANK-PAYROLL,2026-01-01,-257200,-2572.0,USD,Stripe Processing,HIST-0192,OUT Stripe Processing,2026-01
TXN-HIST-2026-01-0193,BANK-OPERATING,2026-01-03,261300,2613.0,USD,Kendall Square Parking,HIST-0193,IN Kendall Square Parking,2026-01
TXN-HIST-2026-01-0194,BANK-OPERATING,2026-01-03,-265400,-2654.0,USD,Stripe Processing,HIST-0194,OUT Stripe Processing,2026-01
TXN-HIST-2026-01-0195,BANK-OPERATING,2026-01-03,-269500,-2695.0,USD,DocuSign,HIST-0195,OUT DocuSign,2026-01
TXN-HIST-2026-01-0196,BANK-PAYROLL,2026-01-03,-273600,-2736.0,USD,Boston Edison Steam,HIST-0196,OUT Boston Edison Steam,2026-01
TXN-HIST-2026-01-0197,BANK-OPERATING,2026-01-05,277700,2777.0,USD,DocuSign,HIST-0197,IN DocuSign,2026-01
TXN-HIST-2026-01-0198,BANK-OPERATING,2026-01-05,-281800,-2818.0,USD,Boston Edison Steam,HIST-0198,OUT Boston Edison Steam,2026-01
TXN-HIST-2026-01-0199,BANK-OPERATING,2026-01-05,-285900,-2859.0,USD,Gusto Payroll,HIST-0199,OUT Gusto Payroll,2026-01
TXN-HIST-2026-01-0200,BANK-PAYROLL,2026-01-05,-290000,-2900.0,USD,Linear App,HIST-0200,OUT Linear App,2026-01
TXN-HIST-2026-01-0201,BANK-OPERATING,2026-01-07,294100,2941.0,USD,Gusto Payroll,HIST-0201,IN Gusto Payroll,2026-01
TXN-HIST-2026-01-0202,BANK-OPERATING,2026-01-07,-298200,-2982.0,USD,Linear App,HIST-0202,OUT Linear App,2026-01
TXN-HIST-2026-01-0203,BANK-OPERATING,2026-01-07,-302300,-3023.0,USD,Acme Supplies LLC,HIST-0203,OUT Acme Supplies LLC,2026-01
TXN-HIST-2026-01-0204,BANK-PAYROLL,2026-01-07,-306400,-3064.0,USD,Amazon Web Services,HIST-0204,OUT Amazon Web Services,2026-01
TXN-HIST-2026-01-0205,BANK-OPERATING,2026-01-09,310500,3105.0,USD,Acme Supplies LLC,HIST-0205,IN Acme Supplies LLC,2026-01
TXN-HIST-2026-01-0206,BANK-OPERATING,2026-01-09,-314600,-3146.0,USD,Amazon Web Services,HIST-0206,OUT Amazon Web Services,2026-01
TXN-HIST-2026-01-0207,BANK-OPERATING,2026-01-09,-318700,-3187.0,USD,Office Depot,HIST-0207,OUT Office Depot,2026-01
TXN-HIST-2026-01-0208,BANK-PAYROLL,2026-01-09,-322800,-3228.0,USD,Datadog,HIST-0208,OUT Datadog,2026-01
TXN-HIST-2026-01-0209,BANK-OPERATING,2026-01-11,326900,3269.0,USD,Office Depot,HIST-0209,IN Office Depot,2026-01
TXN-HIST-2026-01-0210,BANK-OPERATING,2026-01-11,-331000,-3310.0,USD,Datadog,HIST-0210,OUT Datadog,2026-01
TXN-HIST-2026-01-0211,BANK-OPERATING,2026-01-11,-335100,-3351.0,USD,Figma,HIST-0211,OUT Figma,2026-01
TXN-HIST-2026-01-0212,BANK-PAYROLL,2026-01-11,-339200,-3392.0,USD,Hartford Insurance,HIST-0212,OUT Hartford Insurance,2026-01
TXN-HIST-2026-01-0213,BANK-OPERATING,2026-01-13,343300,3433.0,USD,Figma,HIST-0213,IN Figma,2026-01
TXN-HIST-2026-01-0214,BANK-OPERATING,2026-01-13,-347400,-3474.0,USD,Hartford Insurance,HIST-0214,OUT Hartford Insurance,2026-01
TXN-HIST-2026-01-0215,BANK-OPERATING,2026-01-13,-351500,-3515.0,USD,Cambridge Properties,HIST-0215,OUT Cambridge Properties,2026-01
TXN-HIST-2026-01-0216,BANK-PAYROLL,2026-01-13,-355600,-3556.0,USD,Harbor Electric,HIST-0216,OUT Harbor Electric,2026-01
TXN-HIST-2026-01-0217,BANK-OPERATING,2026-01-15,359700,3597.0,USD,Cambridge Properties,HIST-0217,IN Cambridge Properties,2026-01
TXN-HIST-2026-01-0218,BANK-OPERATING,2026-01-15,-363800,-3638.0,USD,Harbor Electric,HIST-0218,OUT Harbor Electric,2026-01
TXN-HIST-2026-01-0219,BANK-OPERATING,2026-01-15,-367900,-3679.0,USD,GitHub,HIST-0219,OUT GitHub,2026-01
TXN-HIST-2026-01-0220,BANK-PAYROLL,2026-01-15,-372000,-3720.0,USD,Freightline Logistics,HIST-0220,OUT Freightline Logistics,2026-01
TXN-HIST-2026-01-0221,BANK-OPERATING,2026-01-17,376100,3761.0,USD,GitHub,HIST-0221,IN GitHub,2026-01
TXN-HIST-2026-01-0222,BANK-OPERATING,2026-01-17,-380200,-3802.0,USD,Freightline Logistics,HIST-0222,OUT Freightline Logistics,2026-01
TXN-HIST-2026-01-0223,BANK-OPERATING,2026-01-17,-384300,-3843.0,USD,Misc Supplies,HIST-0223,OUT Misc Supplies,2026-01
TXN-HIST-2026-01-0224,BANK-PAYROLL,2026-01-17,-388400,-3884.0,USD,Notion Labs,HIST-0224,OUT Notion Labs,2026-01
TXN-HIST-2026-01-0225,BANK-OPERATING,2026-01-19,392500,3925.0,USD,Misc Supplies,HIST-0225,IN Misc Supplies,2026-01
TXN-HIST-2026-01-0226,BANK-OPERATING,2026-01-19,-396600,-3966.0,USD,Notion Labs,HIST-0226,OUT Notion Labs,2026-01
TXN-HIST-2026-01-0227,BANK-OPERATING,2026-01-19,-400700,-4007.0,USD,Okta,HIST-0227,OUT Okta,2026-01
TXN-HIST-2026-01-0228,BANK-PAYROLL,2026-01-19,-404800,-4048.0,USD,Zoom Video,HIST-0228,OUT Zoom Video,2026-01
TXN-HIST-2026-01-0229,BANK-OPERATING,2026-01-21,408900,4089.0,USD,Okta,HIST-0229,IN Okta,2026-01
TXN-HIST-2026-01-0230,BANK-OPERATING,2026-01-21,-413000,-4130.0,USD,Zoom Video,HIST-0230,OUT Zoom Video,2026-01
TXN-HIST-2026-01-0231,BANK-OPERATING,2026-01-21,-417100,-4171.0,USD,Cloudflare,HIST-0231,OUT Cloudflare,2026-01
TXN-HIST-2026-01-0232,BANK-PAYROLL,2026-01-21,-421200,-4212.0,USD,Helios Hardware Supply,HIST-0232,OUT Helios Hardware Supply,2026-01
TXN-HIST-2026-01-0233,BANK-OPERATING,2026-01-23,425300,4253.0,USD,Cloudflare,HIST-0233,IN Cloudflare,2026-01
TXN-HIST-2026-01-0234,BANK-OPERATING,2026-01-23,-429400,-4294.0,USD,Helios Hardware Supply,HIST-0234,OUT Helios Hardware Supply,2026-01
TXN-HIST-2026-01-0235,BANK-OPERATING,2026-01-23,-433500,-4335.0,USD,Staples Business Advantage,HIST-0235,OUT Staples Business Advantage,2026-01
TXN-HIST-2026-01-0236,BANK-PAYROLL,2026-01-23,-437600,-4376.0,USD,ADP,HIST-0236,OUT ADP,2026-01
TXN-HIST-2026-01-0237,BANK-OPERATING,2026-01-25,441700,4417.0,USD,Staples Business Advantage,HIST-0237,IN Staples Business Advantage,2026-01
TXN-HIST-2026-01-0238,BANK-OPERATING,2026-01-25,-445800,-4458.0,USD,ADP,HIST-0238,OUT ADP,2026-01
TXN-HIST-2026-01-0239,BANK-OPERATING,2026-01-25,-449900,-4499.0,USD,Comcast Business,HIST-0239,OUT Comcast Business,2026-01
TXN-HIST-2026-01-0240,BANK-PAYROLL,2026-01-25,-454000,-4540.0,USD,CleanRoom Janitorial,HIST-0240,OUT CleanRoom Janitorial,2026-01
TXN-HIST-2026-01-0241,BANK-OPERATING,2026-01-27,458100,4581.0,USD,Comcast Business,HIST-0241,IN Comcast Business,2026-01
TXN-HIST-2026-01-0242,BANK-OPERATING,2026-01-27,-462200,-4622.0,USD,CleanRoom Janitorial,HIST-0242,OUT CleanRoom Janitorial,2026-01
TXN-HIST-2026-01-0243,BANK-OPERATING,2026-01-27,-466300,-4663.0,USD,HubSpot,HIST-0243,OUT HubSpot,2026-01
TXN-HIST-2026-01-0244,BANK-PAYROLL,2026-01-27,-470400,-4704.0,USD,Adyen NV,HIST-0244,OUT Adyen NV,2026-01
TXN-HIST-2026-01-0245,BANK-OPERATING,2026-01-29,474500,4745.0,USD,HubSpot,HIST-0245,IN HubSpot,2026-01
TXN-HIST-2026-01-0246,BANK-OPERATING,2026-01-29,-478600,-4786.0,USD,Adyen NV,HIST-0246,OUT Adyen NV,2026-01
TXN-HIST-2026-01-0247,BANK-OPERATING,2026-01-29,-482700,-4827.0,USD,Palo Alto Networks,HIST-0247,OUT Palo Alto Networks,2026-01
TXN-HIST-2026-01-0248,BANK-PAYROLL,2026-01-29,-486800,-4868.0,USD,Carta,HIST-0248,OUT Carta,2026-01
TXN-HIST-2026-01-0249,BANK-OPERATING,2026-01-31,490900,4909.0,USD,Palo Alto Networks,HIST-0249,IN Palo Alto Networks,2026-01
TXN-HIST-2026-01-0250,BANK-OPERATING,2026-01-31,-495000,-4950.0,USD,Carta,HIST-0250,OUT Carta,2026-01
TXN-HIST-2026-01-0251,BANK-OPERATING,2026-01-31,-499100,-4991.0,USD,Vanta,HIST-0251,OUT Vanta,2026-01
TXN-HIST-2026-01-0252,BANK-PAYROLL,2026-01-31,-503200,-5032.0,USD,Acme Supplies,HIST-0252,OUT Acme Supplies,2026-01
TXN-HIST-2026-02-0253,BANK-OPERATING,2026-02-01,507300,5073.0,USD,Vanta,HIST-0253,IN Vanta,2026-02
TXN-HIST-2026-02-0254,BANK-OPERATING,2026-02-01,-511400,-5114.0,USD,Acme Supplies,HIST-0254,OUT Acme Supplies,2026-02
TXN-HIST-2026-02-0255,BANK-OPERATING,2026-02-01,-515500,-5155.0,USD,Acme Supply Co.,HIST-0255,OUT Acme Supply Co.,2026-02
TXN-HIST-2026-02-0256,BANK-PAYROLL,2026-02-01,-519600,-5196.0,USD,Northline Fabrication,HIST-0256,OUT Northline Fabrication,2026-02
TXN-HIST-2026-02-0257,BANK-OPERATING,2026-02-03,523700,5237.0,USD,Acme Supply Co.,HIST-0257,IN Acme Supply Co.,2026-02
TXN-HIST-2026-02-0258,BANK-OPERATING,2026-02-03,-527800,-5278.0,USD,Northline Fabrication,HIST-0258,OUT Northline Fabrication,2026-02
TXN-HIST-2026-02-0259,BANK-OPERATING,2026-02-03,-531900,-5319.0,USD,Helios Hardware,HIST-0259,OUT Helios Hardware,2026-02
TXN-HIST-2026-02-0260,BANK-PAYROLL,2026-02-03,-536000,-5360.0,USD,Slack Technologies,HIST-0260,OUT Slack Technologies,2026-02
TXN-HIST-2026-02-0261,BANK-OPERATING,2026-02-05,540100,5401.0,USD,Helios Hardware,HIST-0261,IN Helios Hardware,2026-02
TXN-HIST-2026-02-0262,BANK-OPERATING,2026-02-05,-544200,-5442.0,USD,Slack Technologies,HIST-0262,OUT Slack Technologies,2026-02
TXN-HIST-2026-02-0263,BANK-OPERATING,2026-02-05,-548300,-5483.0,USD,Google Cloud,HIST-0263,OUT Google Cloud,2026-02
TXN-HIST-2026-02-0264,BANK-PAYROLL,2026-02-05,-552400,-5524.0,USD,Orbit Analytics,HIST-0264,OUT Orbit Analytics,2026-02
TXN-HIST-2026-02-0265,BANK-OPERATING,2026-02-07,556500,5565.0,USD,Google Cloud,HIST-0265,IN Google Cloud,2026-02
TXN-HIST-2026-02-0266,BANK-OPERATING,2026-02-07,-560600,-5606.0,USD,Orbit Analytics,HIST-0266,OUT Orbit Analytics,2026-02
TXN-HIST-2026-02-0267,BANK-OPERATING,2026-02-07,-564700,-5647.0,USD,Dell Technologies,HIST-0267,OUT Dell Technologies,2026-02
TXN-HIST-2026-02-0268,BANK-PAYROLL,2026-02-07,-568800,-5688.0,USD,Lindholm & Ruiz LLP,HIST-0268,OUT Lindholm & Ruiz LLP,2026-02
TXN-HIST-2026-02-0269,BANK-OPERATING,2026-02-09,572900,5729.0,USD,Dell Technologies,HIST-0269,IN Dell Technologies,2026-02
TXN-HIST-2026-02-0270,BANK-OPERATING,2026-02-09,-577000,-5770.0,USD,Lindholm & Ruiz LLP,HIST-0270,OUT Lindholm & Ruiz LLP,2026-02
TXN-HIST-2026-02-0271,BANK-OPERATING,2026-02-09,-581100,-5811.0,USD,Shadow Vendor LLC,HIST-0271,OUT Shadow Vendor LLC,2026-02
TXN-HIST-2026-02-0272,BANK-PAYROLL,2026-02-09,-585200,-5852.0,USD,Lenovo,HIST-0272,OUT Lenovo,2026-02
TXN-HIST-2026-02-0273,BANK-OPERATING,2026-02-11,589300,5893.0,USD,Shadow Vendor LLC,HIST-0273,IN Shadow Vendor LLC,2026-02
TXN-HIST-2026-02-0274,BANK-OPERATING,2026-02-11,-593400,-5934.0,USD,Lenovo,HIST-0274,OUT Lenovo,2026-02
TXN-HIST-2026-02-0275,BANK-OPERATING,2026-02-11,-597500,-5975.0,USD,Twilio,HIST-0275,OUT Twilio,2026-02
TXN-HIST-2026-02-0276,BANK-PAYROLL,2026-02-11,-601600,-6016.0,USD,Snowflake,HIST-0276,OUT Snowflake,2026-02
TXN-HIST-2026-02-0277,BANK-OPERATING,2026-02-13,605700,6057.0,USD,Twilio,HIST-0277,IN Twilio,2026-02
TXN-HIST-2026-02-0278,BANK-OPERATING,2026-02-13,-609800,-6098.0,USD,Snowflake,HIST-0278,OUT Snowflake,2026-02
TXN-HIST-2026-02-0279,BANK-OPERATING,2026-02-13,-613900,-6139.0,USD,CrowdStrike,HIST-0279,OUT CrowdStrike,2026-02
TXN-HIST-2026-02-0280,BANK-PAYROLL,2026-02-13,-618000,-6180.0,USD,Atlassian,HIST-0280,OUT Atlassian,2026-02
TXN-HIST-2026-02-0281,BANK-OPERATING,2026-02-15,622100,6221.0,USD,CrowdStrike,HIST-0281,IN CrowdStrike,2026-02
TXN-HIST-2026-02-0282,BANK-OPERATING,2026-02-15,-626200,-6262.0,USD,Atlassian,HIST-0282,OUT Atlassian,2026-02
TXN-HIST-2026-02-0283,BANK-OPERATING,2026-02-15,-630300,-6303.0,USD,Northline Fab Group,HIST-0283,OUT Northline Fab Group,2026-02
TXN-HIST-2026-02-0284,BANK-PAYROLL,2026-02-15,-634400,-6344.0,USD,Harbor Power & Light,HIST-0284,OUT Harbor Power & Light,2026-02
TXN-HIST-2026-02-0285,BANK-OPERATING,2026-02-17,638500,6385.0,USD,Northline Fab Group,HIST-0285,IN Northline Fab Group,2026-02
TXN-HIST-2026-02-0286,BANK-OPERATING,2026-02-17,-642600,-6426.0,USD,Harbor Power & Light,HIST-0286,OUT Harbor Power & Light,2026-02
TXN-HIST-2026-02-0287,BANK-OPERATING,2026-02-17,-646700,-6467.0,USD,FedEx,HIST-0287,OUT FedEx,2026-02
TXN-HIST-2026-02-0288,BANK-PAYROLL,2026-02-17,-650800,-6508.0,USD,WeWork Cambridge,HIST-0288,OUT WeWork Cambridge,2026-02
TXN-HIST-2026-02-0289,BANK-OPERATING,2026-02-19,654900,6549.0,USD,FedEx,HIST-0289,IN FedEx,2026-02
TXN-HIST-2026-02-0290,BANK-OPERATING,2026-02-19,-659000,-6590.0,USD,WeWork Cambridge,HIST-0290,OUT WeWork Cambridge,2026-02
TXN-HIST-2026-02-0291,BANK-OPERATING,2026-02-19,-663100,-6631.0,USD,Pagaya Coffee Service,HIST-0291,OUT Pagaya Coffee Service,2026-02
TXN-HIST-2026-02-0292,BANK-PAYROLL,2026-02-19,-667200,-6672.0,USD,Kendall Square Parking,HIST-0292,OUT Kendall Square Parking,2026-02
TXN-HIST-2026-02-0293,BANK-OPERATING,2026-02-21,671300,6713.0,USD,Pagaya Coffee Service,HIST-0293,IN Pagaya Coffee Service,2026-02
TXN-HIST-2026-02-0294,BANK-OPERATING,2026-02-21,-675400,-6754.0,USD,Kendall Square Parking,HIST-0294,OUT Kendall Square Parking,2026-02
TXN-HIST-2026-02-0295,BANK-OPERATING,2026-02-21,-679500,-6795.0,USD,Stripe Processing,HIST-0295,OUT Stripe Processing,2026-02
TXN-HIST-2026-02-0296,BANK-PAYROLL,2026-02-21,-683600,-6836.0,USD,DocuSign,HIST-0296,OUT DocuSign,2026-02
TXN-HIST-2026-02-0297,BANK-OPERATING,2026-02-23,687700,6877.0,USD,Stripe Processing,HIST-0297,IN Stripe Processing,2026-02
TXN-HIST-2026-02-0298,BANK-OPERATING,2026-02-23,-691800,-6918.0,USD,DocuSign,HIST-0298,OUT DocuSign,2026-02
TXN-HIST-2026-02-0299,BANK-OPERATING,2026-02-23,-695900,-6959.0,USD,Boston Edison Steam,HIST-0299,OUT Boston Edison Steam,2026-02
TXN-HIST-2026-02-0300,BANK-PAYROLL,2026-02-23,-700000,-7000.0,USD,Gusto Payroll,HIST-0300,OUT Gusto Payroll,2026-02
TXN-HIST-2026-02-0301,BANK-OPERATING,2026-02-25,704100,7041.0,USD,Boston Edison Steam,HIST-0301,IN Boston Edison Steam,2026-02
TXN-HIST-2026-02-0302,BANK-OPERATING,2026-02-25,-708200,-7082.0,USD,Gusto Payroll,HIST-0302,OUT Gusto Payroll,2026-02
TXN-HIST-2026-02-0303,BANK-OPERATING,2026-02-25,-92300,-923.0,USD,Linear App,HIST-0303,OUT Linear App,2026-02
TXN-HIST-2026-02-0304,BANK-PAYROLL,2026-02-25,-96400,-964.0,USD,Acme Supplies LLC,HIST-0304,OUT Acme Supplies LLC,2026-02
TXN-HIST-2026-02-0305,BANK-OPERATING,2026-02-27,100500,1005.0,USD,Linear App,HIST-0305,IN Linear App,2026-02
TXN-HIST-2026-02-0306,BANK-OPERATING,2026-02-27,-104600,-1046.0,USD,Acme Supplies LLC,HIST-0306,OUT Acme Supplies LLC,2026-02
TXN-HIST-2026-02-0307,BANK-OPERATING,2026-02-27,-108700,-1087.0,USD,Amazon Web Services,HIST-0307,OUT Amazon Web Services,2026-02
TXN-HIST-2026-02-0308,BANK-PAYROLL,2026-02-27,-112800,-1128.0,USD,Office Depot,HIST-0308,OUT Office Depot,2026-02
TXN-HIST-2026-03-0309,BANK-OPERATING,2026-03-01,116900,1169.0,USD,Amazon Web Services,HIST-0309,IN Amazon Web Services,2026-03
TXN-HIST-2026-03-0310,BANK-OPERATING,2026-03-01,-121000,-1210.0,USD,Office Depot,HIST-0310,OUT Office Depot,2026-03
TXN-HIST-2026-03-0311,BANK-OPERATING,2026-03-01,-125100,-1251.0,USD,Datadog,HIST-0311,OUT Datadog,2026-03
TXN-HIST-2026-03-0312,BANK-PAYROLL,2026-03-01,-129200,-1292.0,USD,Figma,HIST-0312,OUT Figma,2026-03
TXN-HIST-2026-03-0313,BANK-OPERATING,2026-03-03,133300,1333.0,USD,Datadog,HIST-0313,IN Datadog,2026-03
TXN-HIST-2026-03-0314,BANK-OPERATING,2026-03-03,-137400,-1374.0,USD,Figma,HIST-0314,OUT Figma,2026-03
TXN-HIST-2026-03-0315,BANK-OPERATING,2026-03-03,-141500,-1415.0,USD,Hartford Insurance,HIST-0315,OUT Hartford Insurance,2026-03
TXN-HIST-2026-03-0316,BANK-PAYROLL,2026-03-03,-145600,-1456.0,USD,Cambridge Properties,HIST-0316,OUT Cambridge Properties,2026-03
TXN-HIST-2026-03-0317,BANK-OPERATING,2026-03-05,149700,1497.0,USD,Hartford Insurance,HIST-0317,IN Hartford Insurance,2026-03
TXN-HIST-2026-03-0318,BANK-OPERATING,2026-03-05,-153800,-1538.0,USD,Cambridge Properties,HIST-0318,OUT Cambridge Properties,2026-03
TXN-HIST-2026-03-0319,BANK-OPERATING,2026-03-05,-157900,-1579.0,USD,Harbor Electric,HIST-0319,OUT Harbor Electric,2026-03
TXN-HIST-2026-03-0320,BANK-PAYROLL,2026-03-05,-162000,-1620.0,USD,GitHub,HIST-0320,OUT GitHub,2026-03
TXN-HIST-2026-03-0321,BANK-OPERATING,2026-03-07,166100,1661.0,USD,Harbor Electric,HIST-0321,IN Harbor Electric,2026-03
TXN-HIST-2026-03-0322,BANK-OPERATING,2026-03-07,-170200,-1702.0,USD,GitHub,HIST-0322,OUT GitHub,2026-03
TXN-HIST-2026-03-0323,BANK-OPERATING,2026-03-07,-174300,-1743.0,USD,Freightline Logistics,HIST-0323,OUT Freightline Logistics,2026-03
TXN-HIST-2026-03-0324,BANK-PAYROLL,2026-03-07,-178400,-1784.0,USD,Misc Supplies,HIST-0324,OUT Misc Supplies,2026-03
TXN-HIST-2026-03-0325,BANK-OPERATING,2026-03-09,182500,1825.0,USD,Freightline Logistics,HIST-0325,IN Freightline Logistics,2026-03
TXN-HIST-2026-03-0326,BANK-OPERATING,2026-03-09,-186600,-1866.0,USD,Misc Supplies,HIST-0326,OUT Misc Supplies,2026-03
TXN-HIST-2026-03-0327,BANK-OPERATING,2026-03-09,-190700,-1907.0,USD,Notion Labs,HIST-0327,OUT Notion Labs,2026-03
TXN-HIST-2026-03-0328,BANK-PAYROLL,2026-03-09,-194800,-1948.0,USD,Okta,HIST-0328,OUT Okta,2026-03
TXN-HIST-2026-03-0329,BANK-OPERATING,2026-03-11,198900,1989.0,USD,Notion Labs,HIST-0329,IN Notion Labs,2026-03
TXN-HIST-2026-03-0330,BANK-OPERATING,2026-03-11,-203000,-2030.0,USD,Okta,HIST-0330,OUT Okta,2026-03
TXN-HIST-2026-03-0331,BANK-OPERATING,2026-03-11,-207100,-2071.0,USD,Zoom Video,HIST-0331,OUT Zoom Video,2026-03
TXN-HIST-2026-03-0332,BANK-PAYROLL,2026-03-11,-211200,-2112.0,USD,Cloudflare,HIST-0332,OUT Cloudflare,2026-03
TXN-HIST-2026-03-0333,BANK-OPERATING,2026-03-13,215300,2153.0,USD,Zoom Video,HIST-0333,IN Zoom Video,2026-03
TXN-HIST-2026-03-0334,BANK-OPERATING,2026-03-13,-219400,-2194.0,USD,Cloudflare,HIST-0334,OUT Cloudflare,2026-03
TXN-HIST-2026-03-0335,BANK-OPERATING,2026-03-13,-223500,-2235.0,USD,Helios Hardware Supply,HIST-0335,OUT Helios Hardware Supply,2026-03
TXN-HIST-2026-03-0336,BANK-PAYROLL,2026-03-13,-227600,-2276.0,USD,Staples Business Advantage,HIST-0336,OUT Staples Business Advantage,2026-03
TXN-HIST-2026-03-0337,BANK-OPERATING,2026-03-15,231700,2317.0,USD,Helios Hardware Supply,HIST-0337,IN Helios Hardware Supply,2026-03
TXN-HIST-2026-03-0338,BANK-OPERATING,2026-03-15,-235800,-2358.0,USD,Staples Business Advantage,HIST-0338,OUT Staples Business Advantage,2026-03
TXN-HIST-2026-03-0339,BANK-OPERATING,2026-03-15,-239900,-2399.0,USD,ADP,HIST-0339,OUT ADP,2026-03
TXN-HIST-2026-03-0340,BANK-PAYROLL,2026-03-15,-244000,-2440.0,USD,Comcast Business,HIST-0340,OUT Comcast Business,2026-03
TXN-HIST-2026-03-0341,BANK-OPERATING,2026-03-17,248100,2481.0,USD,ADP,HIST-0341,IN ADP,2026-03
TXN-HIST-2026-03-0342,BANK-OPERATING,2026-03-17,-252200,-2522.0,USD,Comcast Business,HIST-0342,OUT Comcast Business,2026-03
TXN-HIST-2026-03-0343,BANK-OPERATING,2026-03-17,-256300,-2563.0,USD,CleanRoom Janitorial,HIST-0343,OUT CleanRoom Janitorial,2026-03
TXN-HIST-2026-03-0344,BANK-PAYROLL,2026-03-17,-260400,-2604.0,USD,HubSpot,HIST-0344,OUT HubSpot,2026-03
TXN-HIST-2026-03-0345,BANK-OPERATING,2026-03-19,264500,2645.0,USD,CleanRoom Janitorial,HIST-0345,IN CleanRoom Janitorial,2026-03
TXN-HIST-2026-03-0346,BANK-OPERATING,2026-03-19,-268600,-2686.0,USD,HubSpot,HIST-0346,OUT HubSpot,2026-03
TXN-HIST-2026-03-0347,BANK-OPERATING,2026-03-19,-272700,-2727.0,USD,Adyen NV,HIST-0347,OUT Adyen NV,2026-03
TXN-HIST-2026-03-0348,BANK-PAYROLL,2026-03-19,-276800,-2768.0,USD,Palo Alto Networks,HIST-0348,OUT Palo Alto Networks,2026-03
TXN-HIST-2026-03-0349,BANK-OPERATING,2026-03-21,280900,2809.0,USD,Adyen NV,HIST-0349,IN Adyen NV,2026-03
TXN-HIST-2026-03-0350,BANK-OPERATING,2026-03-21,-285000,-2850.0,USD,Palo Alto Networks,HIST-0350,OUT Palo Alto Networks,2026-03
TXN-HIST-2026-03-0351,BANK-OPERATING,2026-03-21,-289100,-2891.0,USD,Carta,HIST-0351,OUT Carta,2026-03
TXN-HIST-2026-03-0352,BANK-PAYROLL,2026-03-21,-293200,-2932.0,USD,Vanta,HIST-0352,OUT Vanta,2026-03
TXN-HIST-2026-03-0353,BANK-OPERATING,2026-03-23,297300,2973.0,USD,Carta,HIST-0353,IN Carta,2026-03
TXN-HIST-2026-03-0354,BANK-OPERATING,2026-03-23,-301400,-3014.0,USD,Vanta,HIST-0354,OUT Vanta,2026-03
TXN-HIST-2026-03-0355,BANK-OPERATING,2026-03-23,-305500,-3055.0,USD,Acme Supplies,HIST-0355,OUT Acme Supplies,2026-03
TXN-HIST-2026-03-0356,BANK-PAYROLL,2026-03-23,-309600,-3096.0,USD,Acme Supply Co.,HIST-0356,OUT Acme Supply Co.,2026-03
TXN-HIST-2026-03-0357,BANK-OPERATING,2026-03-25,313700,3137.0,USD,Acme Supplies,HIST-0357,IN Acme Supplies,2026-03
TXN-HIST-2026-03-0358,BANK-OPERATING,2026-03-25,-317800,-3178.0,USD,Acme Supply Co.,HIST-0358,OUT Acme Supply Co.,2026-03
TXN-HIST-2026-03-0359,BANK-OPERATING,2026-03-25,-321900,-3219.0,USD,Northline Fabrication,HIST-0359,OUT Northline Fabrication,2026-03
TXN-HIST-2026-03-0360,BANK-PAYROLL,2026-03-25,-326000,-3260.0,USD,Helios Hardware,HIST-0360,OUT Helios Hardware,2026-03
TXN-HIST-2026-03-0361,BANK-OPERATING,2026-03-27,330100,3301.0,USD,Northline Fabrication,HIST-0361,IN Northline Fabrication,2026-03
TXN-HIST-2026-03-0362,BANK-OPERATING,2026-03-27,-334200,-3342.0,USD,Helios Hardware,HIST-0362,OUT Helios Hardware,2026-03
TXN-HIST-2026-03-0363,BANK-OPERATING,2026-03-27,-338300,-3383.0,USD,Slack Technologies,HIST-0363,OUT Slack Technologies,2026-03
TXN-HIST-2026-03-0364,BANK-PAYROLL,2026-03-27,-342400,-3424.0,USD,Google Cloud,HIST-0364,OUT Google Cloud,2026-03
TXN-HIST-2026-03-0365,BANK-OPERATING,2026-03-29,346500,3465.0,USD,Slack Technologies,HIST-0365,IN Slack Technologies,2026-03
TXN-HIST-2026-03-0366,BANK-OPERATING,2026-03-29,-350600,-3506.0,USD,Google Cloud,HIST-0366,OUT Google Cloud,2026-03
TXN-HIST-2026-03-0367,BANK-OPERATING,2026-03-29,-354700,-3547.0,USD,Orbit Analytics,HIST-0367,OUT Orbit Analytics,2026-03
TXN-HIST-2026-03-0368,BANK-PAYROLL,2026-03-29,-358800,-3588.0,USD,Dell Technologies,HIST-0368,OUT Dell Technologies,2026-03
TXN-HIST-2026-03-0369,BANK-OPERATING,2026-03-31,362900,3629.0,USD,Orbit Analytics,HIST-0369,IN Orbit Analytics,2026-03
TXN-HIST-2026-03-0370,BANK-OPERATING,2026-03-31,-367000,-3670.0,USD,Dell Technologies,HIST-0370,OUT Dell Technologies,2026-03
TXN-HIST-2026-03-0371,BANK-OPERATING,2026-03-31,-371100,-3711.0,USD,Lindholm & Ruiz LLP,HIST-0371,OUT Lindholm & Ruiz LLP,2026-03
TXN-HIST-2026-03-0372,BANK-PAYROLL,2026-03-31,-375200,-3752.0,USD,Shadow Vendor LLC,HIST-0372,OUT Shadow Vendor LLC,2026-03
TXN-HIST-2026-04-0373,BANK-OPERATING,2026-04-01,379300,3793.0,USD,Lindholm & Ruiz LLP,HIST-0373,IN Lindholm & Ruiz LLP,2026-04
TXN-HIST-2026-04-0374,BANK-OPERATING,2026-04-01,-383400,-3834.0,USD,Shadow Vendor LLC,HIST-0374,OUT Shadow Vendor LLC,2026-04
TXN-HIST-2026-04-0375,BANK-OPERATING,2026-04-01,-387500,-3875.0,USD,Lenovo,HIST-0375,OUT Lenovo,2026-04
TXN-HIST-2026-04-0376,BANK-PAYROLL,2026-04-01,-391600,-3916.0,USD,Twilio,HIST-0376,OUT Twilio,2026-04
TXN-HIST-2026-04-0377,BANK-OPERATING,2026-04-03,395700,3957.0,USD,Lenovo,HIST-0377,IN Lenovo,2026-04
TXN-HIST-2026-04-0378,BANK-OPERATING,2026-04-03,-399800,-3998.0,USD,Twilio,HIST-0378,OUT Twilio,2026-04
TXN-HIST-2026-04-0379,BANK-OPERATING,2026-04-03,-403900,-4039.0,USD,Snowflake,HIST-0379,OUT Snowflake,2026-04
TXN-HIST-2026-04-0380,BANK-PAYROLL,2026-04-03,-408000,-4080.0,USD,CrowdStrike,HIST-0380,OUT CrowdStrike,2026-04
TXN-HIST-2026-04-0381,BANK-OPERATING,2026-04-05,412100,4121.0,USD,Snowflake,HIST-0381,IN Snowflake,2026-04
TXN-HIST-2026-04-0382,BANK-OPERATING,2026-04-05,-416200,-4162.0,USD,CrowdStrike,HIST-0382,OUT CrowdStrike,2026-04
TXN-HIST-2026-04-0383,BANK-OPERATING,2026-04-05,-420300,-4203.0,USD,Atlassian,HIST-0383,OUT Atlassian,2026-04
TXN-HIST-2026-04-0384,BANK-PAYROLL,2026-04-05,-424400,-4244.0,USD,Northline Fab Group,HIST-0384,OUT Northline Fab Group,2026-04
TXN-HIST-2026-04-0385,BANK-OPERATING,2026-04-07,428500,4285.0,USD,Atlassian,HIST-0385,IN Atlassian,2026-04
TXN-HIST-2026-04-0386,BANK-OPERATING,2026-04-07,-432600,-4326.0,USD,Northline Fab Group,HIST-0386,OUT Northline Fab Group,2026-04
TXN-HIST-2026-04-0387,BANK-OPERATING,2026-04-07,-436700,-4367.0,USD,Harbor Power & Light,HIST-0387,OUT Harbor Power & Light,2026-04
TXN-HIST-2026-04-0388,BANK-PAYROLL,2026-04-07,-440800,-4408.0,USD,FedEx,HIST-0388,OUT FedEx,2026-04
TXN-HIST-2026-04-0389,BANK-OPERATING,2026-04-09,444900,4449.0,USD,Harbor Power & Light,HIST-0389,IN Harbor Power & Light,2026-04
TXN-HIST-2026-04-0390,BANK-OPERATING,2026-04-09,-449000,-4490.0,USD,FedEx,HIST-0390,OUT FedEx,2026-04
TXN-HIST-2026-04-0391,BANK-OPERATING,2026-04-09,-453100,-4531.0,USD,WeWork Cambridge,HIST-0391,OUT WeWork Cambridge,2026-04
TXN-HIST-2026-04-0392,BANK-PAYROLL,2026-04-09,-457200,-4572.0,USD,Pagaya Coffee Service,HIST-0392,OUT Pagaya Coffee Service,2026-04
TXN-HIST-2026-04-0393,BANK-OPERATING,2026-04-11,461300,4613.0,USD,WeWork Cambridge,HIST-0393,IN WeWork Cambridge,2026-04
TXN-HIST-2026-04-0394,BANK-OPERATING,2026-04-11,-465400,-4654.0,USD,Pagaya Coffee Service,HIST-0394,OUT Pagaya Coffee Service,2026-04
TXN-HIST-2026-04-0395,BANK-OPERATING,2026-04-11,-469500,-4695.0,USD,Kendall Square Parking,HIST-0395,OUT Kendall Square Parking,2026-04
TXN-HIST-2026-04-0396,BANK-PAYROLL,2026-04-11,-473600,-4736.0,USD,Stripe Processing,HIST-0396,OUT Stripe Processing,2026-04
TXN-HIST-2026-04-0397,BANK-OPERATING,2026-04-13,477700,4777.0,USD,Kendall Square Parking,HIST-0397,IN Kendall Square Parking,2026-04
TXN-HIST-2026-04-0398,BANK-OPERATING,2026-04-13,-481800,-4818.0,USD,Stripe Processing,HIST-0398,OUT Stripe Processing,2026-04
TXN-HIST-2026-04-0399,BANK-OPERATING,2026-04-13,-485900,-4859.0,USD,DocuSign,HIST-0399,OUT DocuSign,2026-04
TXN-HIST-2026-04-0400,BANK-PAYROLL,2026-04-13,-490000,-4900.0,USD,Boston Edison Steam,HIST-0400,OUT Boston Edison Steam,2026-04
TXN-HIST-2026-04-0401,BANK-OPERATING,2026-04-15,494100,4941.0,USD,DocuSign,HIST-0401,IN DocuSign,2026-04
TXN-HIST-2026-04-0402,BANK-OPERATING,2026-04-15,-498200,-4982.0,USD,Boston Edison Steam,HIST-0402,OUT Boston Edison Steam,2026-04
TXN-HIST-2026-04-0403,BANK-OPERATING,2026-04-15,-502300,-5023.0,USD,Gusto Payroll,HIST-0403,OUT Gusto Payroll,2026-04
TXN-HIST-2026-04-0404,BANK-PAYROLL,2026-04-15,-506400,-5064.0,USD,Linear App,HIST-0404,OUT Linear App,2026-04
TXN-HIST-2026-04-0405,BANK-OPERATING,2026-04-17,510500,5105.0,USD,Gusto Payroll,HIST-0405,IN Gusto Payroll,2026-04
TXN-HIST-2026-04-0406,BANK-OPERATING,2026-04-17,-514600,-5146.0,USD,Linear App,HIST-0406,OUT Linear App,2026-04
TXN-HIST-2026-04-0407,BANK-OPERATING,2026-04-17,-518700,-5187.0,USD,Acme Supplies LLC,HIST-0407,OUT Acme Supplies LLC,2026-04
TXN-HIST-2026-04-0408,BANK-PAYROLL,2026-04-17,-522800,-5228.0,USD,Amazon Web Services,HIST-0408,OUT Amazon Web Services,2026-04
TXN-HIST-2026-04-0409,BANK-OPERATING,2026-04-19,526900,5269.0,USD,Acme Supplies LLC,HIST-0409,IN Acme Supplies LLC,2026-04
TXN-HIST-2026-04-0410,BANK-OPERATING,2026-04-19,-531000,-5310.0,USD,Amazon Web Services,HIST-0410,OUT Amazon Web Services,2026-04
TXN-HIST-2026-04-0411,BANK-OPERATING,2026-04-19,-535100,-5351.0,USD,Office Depot,HIST-0411,OUT Office Depot,2026-04
TXN-HIST-2026-04-0412,BANK-PAYROLL,2026-04-19,-539200,-5392.0,USD,Datadog,HIST-0412,OUT Datadog,2026-04
TXN-HIST-2026-04-0413,BANK-OPERATING,2026-04-21,543300,5433.0,USD,Office Depot,HIST-0413,IN Office Depot,2026-04
TXN-HIST-2026-04-0414,BANK-OPERATING,2026-04-21,-547400,-5474.0,USD,Datadog,HIST-0414,OUT Datadog,2026-04
TXN-HIST-2026-04-0415,BANK-OPERATING,2026-04-21,-551500,-5515.0,USD,Figma,HIST-0415,OUT Figma,2026-04
TXN-HIST-2026-04-0416,BANK-PAYROLL,2026-04-21,-555600,-5556.0,USD,Hartford Insurance,HIST-0416,OUT Hartford Insurance,2026-04
TXN-HIST-2026-04-0417,BANK-OPERATING,2026-04-23,559700,5597.0,USD,Figma,HIST-0417,IN Figma,2026-04
TXN-HIST-2026-04-0418,BANK-OPERATING,2026-04-23,-563800,-5638.0,USD,Hartford Insurance,HIST-0418,OUT Hartford Insurance,2026-04
TXN-HIST-2026-04-0419,BANK-OPERATING,2026-04-23,-567900,-5679.0,USD,Cambridge Properties,HIST-0419,OUT Cambridge Properties,2026-04
TXN-HIST-2026-04-0420,BANK-PAYROLL,2026-04-23,-572000,-5720.0,USD,Harbor Electric,HIST-0420,OUT Harbor Electric,2026-04
TXN-HIST-2026-04-0421,BANK-OPERATING,2026-04-25,576100,5761.0,USD,Cambridge Properties,HIST-0421,IN Cambridge Properties,2026-04
TXN-HIST-2026-04-0422,BANK-OPERATING,2026-04-25,-580200,-5802.0,USD,Harbor Electric,HIST-0422,OUT Harbor Electric,2026-04
TXN-HIST-2026-04-0423,BANK-OPERATING,2026-04-25,-584300,-5843.0,USD,GitHub,HIST-0423,OUT GitHub,2026-04
TXN-HIST-2026-04-0424,BANK-PAYROLL,2026-04-25,-588400,-5884.0,USD,Freightline Logistics,HIST-0424,OUT Freightline Logistics,2026-04
TXN-HIST-2026-04-0425,BANK-OPERATING,2026-04-27,592500,5925.0,USD,GitHub,HIST-0425,IN GitHub,2026-04
TXN-HIST-2026-04-0426,BANK-OPERATING,2026-04-27,-596600,-5966.0,USD,Freightline Logistics,HIST-0426,OUT Freightline Logistics,2026-04
TXN-HIST-2026-04-0427,BANK-OPERATING,2026-04-27,-600700,-6007.0,USD,Misc Supplies,HIST-0427,OUT Misc Supplies,2026-04
TXN-HIST-2026-04-0428,BANK-PAYROLL,2026-04-27,-604800,-6048.0,USD,Notion Labs,HIST-0428,OUT Notion Labs,2026-04
TXN-HIST-2026-04-0429,BANK-OPERATING,2026-04-29,608900,6089.0,USD,Misc Supplies,HIST-0429,IN Misc Supplies,2026-04
TXN-HIST-2026-04-0430,BANK-OPERATING,2026-04-29,-613000,-6130.0,USD,Notion Labs,HIST-0430,OUT Notion Labs,2026-04
TXN-HIST-2026-04-0431,BANK-OPERATING,2026-04-29,-617100,-6171.0,USD,Okta,HIST-0431,OUT Okta,2026-04
TXN-HIST-2026-04-0432,BANK-PAYROLL,2026-04-29,-621200,-6212.0,USD,Zoom Video,HIST-0432,OUT Zoom Video,2026-04
TXN-HIST-2026-05-0433,BANK-OPERATING,2026-05-01,625300,6253.0,USD,Okta,HIST-0433,IN Okta,2026-05
TXN-HIST-2026-05-0434,BANK-OPERATING,2026-05-01,-629400,-6294.0,USD,Zoom Video,HIST-0434,OUT Zoom Video,2026-05
TXN-HIST-2026-05-0435,BANK-OPERATING,2026-05-01,-633500,-6335.0,USD,Cloudflare,HIST-0435,OUT Cloudflare,2026-05
TXN-HIST-2026-05-0436,BANK-PAYROLL,2026-05-01,-637600,-6376.0,USD,Helios Hardware Supply,HIST-0436,OUT Helios Hardware Supply,2026-05
TXN-HIST-2026-05-0437,BANK-OPERATING,2026-05-03,641700,6417.0,USD,Cloudflare,HIST-0437,IN Cloudflare,2026-05
TXN-HIST-2026-05-0438,BANK-OPERATING,2026-05-03,-645800,-6458.0,USD,Helios Hardware Supply,HIST-0438,OUT Helios Hardware Supply,2026-05
TXN-HIST-2026-05-0439,BANK-OPERATING,2026-05-03,-649900,-6499.0,USD,Staples Business Advantage,HIST-0439,OUT Staples Business Advantage,2026-05
TXN-HIST-2026-05-0440,BANK-PAYROLL,2026-05-03,-654000,-6540.0,USD,ADP,HIST-0440,OUT ADP,2026-05
TXN-HIST-2026-05-0441,BANK-OPERATING,2026-05-05,658100,6581.0,USD,Staples Business Advantage,HIST-0441,IN Staples Business Advantage,2026-05
TXN-HIST-2026-05-0442,BANK-OPERATING,2026-05-05,-662200,-6622.0,USD,ADP,HIST-0442,OUT ADP,2026-05
TXN-HIST-2026-05-0443,BANK-OPERATING,2026-05-05,-666300,-6663.0,USD,Comcast Business,HIST-0443,OUT Comcast Business,2026-05
TXN-HIST-2026-05-0444,BANK-PAYROLL,2026-05-05,-670400,-6704.0,USD,CleanRoom Janitorial,HIST-0444,OUT CleanRoom Janitorial,2026-05
TXN-HIST-2026-05-0445,BANK-OPERATING,2026-05-07,674500,6745.0,USD,Comcast Business,HIST-0445,IN Comcast Business,2026-05
TXN-HIST-2026-05-0446,BANK-OPERATING,2026-05-07,-678600,-6786.0,USD,CleanRoom Janitorial,HIST-0446,OUT CleanRoom Janitorial,2026-05
TXN-HIST-2026-05-0447,BANK-OPERATING,2026-05-07,-682700,-6827.0,USD,HubSpot,HIST-0447,OUT HubSpot,2026-05
TXN-HIST-2026-05-0448,BANK-PAYROLL,2026-05-07,-686800,-6868.0,USD,Adyen NV,HIST-0448,OUT Adyen NV,2026-05
TXN-HIST-2026-05-0449,BANK-OPERATING,2026-05-09,690900,6909.0,USD,HubSpot,HIST-0449,IN HubSpot,2026-05
TXN-HIST-2026-05-0450,BANK-OPERATING,2026-05-09,-695000,-6950.0,USD,Adyen NV,HIST-0450,OUT Adyen NV,2026-05
TXN-HIST-2026-05-0451,BANK-OPERATING,2026-05-09,-699100,-6991.0,USD,Palo Alto Networks,HIST-0451,OUT Palo Alto Networks,2026-05
TXN-HIST-2026-05-0452,BANK-PAYROLL,2026-05-09,-703200,-7032.0,USD,Carta,HIST-0452,OUT Carta,2026-05
TXN-HIST-2026-05-0453,BANK-OPERATING,2026-05-11,707300,7073.0,USD,Palo Alto Networks,HIST-0453,IN Palo Alto Networks,2026-05
TXN-HIST-2026-05-0454,BANK-OPERATING,2026-05-11,-91400,-914.0,USD,Carta,HIST-0454,OUT Carta,2026-05
TXN-HIST-2026-05-0455,BANK-OPERATING,2026-05-11,-95500,-955.0,USD,Vanta,HIST-0455,OUT Vanta,2026-05
TXN-HIST-2026-05-0456,BANK-PAYROLL,2026-05-11,-99600,-996.0,USD,Acme Supplies,HIST-0456,OUT Acme Supplies,2026-05
TXN-HIST-2026-05-0457,BANK-OPERATING,2026-05-13,103700,1037.0,USD,Vanta,HIST-0457,IN Vanta,2026-05
TXN-HIST-2026-05-0458,BANK-OPERATING,2026-05-13,-107800,-1078.0,USD,Acme Supplies,HIST-0458,OUT Acme Supplies,2026-05
TXN-HIST-2026-05-0459,BANK-OPERATING,2026-05-13,-111900,-1119.0,USD,Acme Supply Co.,HIST-0459,OUT Acme Supply Co.,2026-05
TXN-HIST-2026-05-0460,BANK-PAYROLL,2026-05-13,-116000,-1160.0,USD,Northline Fabrication,HIST-0460,OUT Northline Fabrication,2026-05
TXN-HIST-2026-05-0461,BANK-OPERATING,2026-05-15,120100,1201.0,USD,Acme Supply Co.,HIST-0461,IN Acme Supply Co.,2026-05
TXN-HIST-2026-05-0462,BANK-OPERATING,2026-05-15,-124200,-1242.0,USD,Northline Fabrication,HIST-0462,OUT Northline Fabrication,2026-05
TXN-HIST-2026-05-0463,BANK-OPERATING,2026-05-15,-128300,-1283.0,USD,Helios Hardware,HIST-0463,OUT Helios Hardware,2026-05
TXN-HIST-2026-05-0464,BANK-PAYROLL,2026-05-15,-132400,-1324.0,USD,Slack Technologies,HIST-0464,OUT Slack Technologies,2026-05
TXN-HIST-2026-05-0465,BANK-OPERATING,2026-05-17,136500,1365.0,USD,Helios Hardware,HIST-0465,IN Helios Hardware,2026-05
TXN-HIST-2026-05-0466,BANK-OPERATING,2026-05-17,-140600,-1406.0,USD,Slack Technologies,HIST-0466,OUT Slack Technologies,2026-05
TXN-HIST-2026-05-0467,BANK-OPERATING,2026-05-17,-144700,-1447.0,USD,Google Cloud,HIST-0467,OUT Google Cloud,2026-05
TXN-HIST-2026-05-0468,BANK-PAYROLL,2026-05-17,-148800,-1488.0,USD,Orbit Analytics,HIST-0468,OUT Orbit Analytics,2026-05
TXN-HIST-2026-05-0469,BANK-OPERATING,2026-05-19,152900,1529.0,USD,Google Cloud,HIST-0469,IN Google Cloud,2026-05
TXN-HIST-2026-05-0470,BANK-OPERATING,2026-05-19,-157000,-1570.0,USD,Orbit Analytics,HIST-0470,OUT Orbit Analytics,2026-05
TXN-HIST-2026-05-0471,BANK-OPERATING,2026-05-19,-161100,-1611.0,USD,Dell Technologies,HIST-0471,OUT Dell Technologies,2026-05
TXN-HIST-2026-05-0472,BANK-PAYROLL,2026-05-19,-165200,-1652.0,USD,Lindholm & Ruiz LLP,HIST-0472,OUT Lindholm & Ruiz LLP,2026-05
TXN-HIST-2026-05-0473,BANK-OPERATING,2026-05-21,169300,1693.0,USD,Dell Technologies,HIST-0473,IN Dell Technologies,2026-05
TXN-HIST-2026-05-0474,BANK-OPERATING,2026-05-21,-173400,-1734.0,USD,Lindholm & Ruiz LLP,HIST-0474,OUT Lindholm & Ruiz LLP,2026-05
TXN-HIST-2026-05-0475,BANK-OPERATING,2026-05-21,-177500,-1775.0,USD,Shadow Vendor LLC,HIST-0475,OUT Shadow Vendor LLC,2026-05
TXN-HIST-2026-05-0476,BANK-PAYROLL,2026-05-21,-181600,-1816.0,USD,Lenovo,HIST-0476,OUT Lenovo,2026-05
TXN-HIST-2026-05-0477,BANK-OPERATING,2026-05-23,185700,1857.0,USD,Shadow Vendor LLC,HIST-0477,IN Shadow Vendor LLC,2026-05
TXN-HIST-2026-05-0478,BANK-OPERATING,2026-05-23,-189800,-1898.0,USD,Lenovo,HIST-0478,OUT Lenovo,2026-05
TXN-HIST-2026-05-0479,BANK-OPERATING,2026-05-23,-193900,-1939.0,USD,Twilio,HIST-0479,OUT Twilio,2026-05
TXN-HIST-2026-05-0480,BANK-PAYROLL,2026-05-23,-198000,-1980.0,USD,Snowflake,HIST-0480,OUT Snowflake,2026-05
TXN-HIST-2026-05-0481,BANK-OPERATING,2026-05-25,202100,2021.0,USD,Twilio,HIST-0481,IN Twilio,2026-05
TXN-HIST-2026-05-0482,BANK-OPERATING,2026-05-25,-206200,-2062.0,USD,Snowflake,HIST-0482,OUT Snowflake,2026-05
TXN-HIST-2026-05-0483,BANK-OPERATING,2026-05-25,-210300,-2103.0,USD,CrowdStrike,HIST-0483,OUT CrowdStrike,2026-05
TXN-HIST-2026-05-0484,BANK-PAYROLL,2026-05-25,-214400,-2144.0,USD,Atlassian,HIST-0484,OUT Atlassian,2026-05
TXN-HIST-2026-05-0485,BANK-OPERATING,2026-05-27,218500,2185.0,USD,CrowdStrike,HIST-0485,IN CrowdStrike,2026-05
TXN-HIST-2026-05-0486,BANK-OPERATING,2026-05-27,-222600,-2226.0,USD,Atlassian,HIST-0486,OUT Atlassian,2026-05
TXN-HIST-2026-05-0487,BANK-OPERATING,2026-05-27,-226700,-2267.0,USD,Northline Fab Group,HIST-0487,OUT Northline Fab Group,2026-05
TXN-HIST-2026-05-0488,BANK-PAYROLL,2026-05-27,-230800,-2308.0,USD,Harbor Power & Light,HIST-0488,OUT Harbor Power & Light,2026-05
TXN-HIST-2026-05-0489,BANK-OPERATING,2026-05-29,234900,2349.0,USD,Northline Fab Group,HIST-0489,IN Northline Fab Group,2026-05
TXN-HIST-2026-05-0490,BANK-OPERATING,2026-05-29,-239000,-2390.0,USD,Harbor Power & Light,HIST-0490,OUT Harbor Power & Light,2026-05
TXN-HIST-2026-05-0491,BANK-OPERATING,2026-05-29,-243100,-2431.0,USD,FedEx,HIST-0491,OUT FedEx,2026-05
TXN-HIST-2026-05-0492,BANK-PAYROLL,2026-05-29,-247200,-2472.0,USD,WeWork Cambridge,HIST-0492,OUT WeWork Cambridge,2026-05
TXN-HIST-2026-05-0493,BANK-OPERATING,2026-05-31,251300,2513.0,USD,FedEx,HIST-0493,IN FedEx,2026-05
TXN-HIST-2026-05-0494,BANK-OPERATING,2026-05-31,-255400,-2554.0,USD,WeWork Cambridge,HIST-0494,OUT WeWork Cambridge,2026-05
TXN-HIST-2026-05-0495,BANK-OPERATING,2026-05-31,-259500,-2595.0,USD,Pagaya Coffee Service,HIST-0495,OUT Pagaya Coffee Service,2026-05
TXN-HIST-2026-05-0496,BANK-PAYROLL,2026-05-31,-263600,-2636.0,USD,Kendall Square Parking,HIST-0496,OUT Kendall Square Parking,2026-05
TXN-HIST-2026-06-0497,BANK-OPERATING,2026-06-01,267700,2677.0,USD,Pagaya Coffee Service,HIST-0497,IN Pagaya Coffee Service,2026-06
TXN-HIST-2026-06-0498,BANK-OPERATING,2026-06-01,-271800,-2718.0,USD,Kendall Square Parking,HIST-0498,OUT Kendall Square Parking,2026-06
TXN-HIST-2026-06-0499,BANK-OPERATING,2026-06-01,-275900,-2759.0,USD,Stripe Processing,HIST-0499,OUT Stripe Processing,2026-06
TXN-HIST-2026-06-0500,BANK-PAYROLL,2026-06-01,-280000,-2800.0,USD,DocuSign,HIST-0500,OUT DocuSign,2026-06
TXN-HIST-2026-06-0501,BANK-OPERATING,2026-06-03,284100,2841.0,USD,Stripe Processing,HIST-0501,IN Stripe Processing,2026-06
TXN-HIST-2026-06-0502,BANK-OPERATING,2026-06-03,-288200,-2882.0,USD,DocuSign,HIST-0502,OUT DocuSign,2026-06
TXN-HIST-2026-06-0503,BANK-OPERATING,2026-06-03,-292300,-2923.0,USD,Boston Edison Steam,HIST-0503,OUT Boston Edison Steam,2026-06
TXN-HIST-2026-06-0504,BANK-PAYROLL,2026-06-03,-296400,-2964.0,USD,Gusto Payroll,HIST-0504,OUT Gusto Payroll,2026-06
TXN-HIST-2026-06-0505,BANK-OPERATING,2026-06-05,300500,3005.0,USD,Boston Edison Steam,HIST-0505,IN Boston Edison Steam,2026-06
TXN-HIST-2026-06-0506,BANK-OPERATING,2026-06-05,-304600,-3046.0,USD,Gusto Payroll,HIST-0506,OUT Gusto Payroll,2026-06
TXN-HIST-2026-06-0507,BANK-OPERATING,2026-06-05,-308700,-3087.0,USD,Linear App,HIST-0507,OUT Linear App,2026-06
TXN-HIST-2026-06-0508,BANK-PAYROLL,2026-06-05,-312800,-3128.0,USD,Acme Supplies LLC,HIST-0508,OUT Acme Supplies LLC,2026-06
TXN-HIST-2026-06-0509,BANK-OPERATING,2026-06-07,316900,3169.0,USD,Linear App,HIST-0509,IN Linear App,2026-06
TXN-HIST-2026-06-0510,BANK-OPERATING,2026-06-07,-321000,-3210.0,USD,Acme Supplies LLC,HIST-0510,OUT Acme Supplies LLC,2026-06
TXN-HIST-2026-06-0511,BANK-OPERATING,2026-06-07,-325100,-3251.0,USD,Amazon Web Services,HIST-0511,OUT Amazon Web Services,2026-06
TXN-HIST-2026-06-0512,BANK-PAYROLL,2026-06-07,-329200,-3292.0,USD,Office Depot,HIST-0512,OUT Office Depot,2026-06
TXN-HIST-2026-06-0513,BANK-OPERATING,2026-06-09,333300,3333.0,USD,Amazon Web Services,HIST-0513,IN Amazon Web Services,2026-06
TXN-HIST-2026-06-0514,BANK-OPERATING,2026-06-09,-337400,-3374.0,USD,Office Depot,HIST-0514,OUT Office Depot,2026-06
TXN-HIST-2026-06-0515,BANK-OPERATING,2026-06-09,-341500,-3415.0,USD,Datadog,HIST-0515,OUT Datadog,2026-06
TXN-HIST-2026-06-0516,BANK-PAYROLL,2026-06-09,-345600,-3456.0,USD,Figma,HIST-0516,OUT Figma,2026-06
TXN-HIST-2026-06-0517,BANK-OPERATING,2026-06-11,349700,3497.0,USD,Datadog,HIST-0517,IN Datadog,2026-06
TXN-HIST-2026-06-0518,BANK-OPERATING,2026-06-11,-353800,-3538.0,USD,Figma,HIST-0518,OUT Figma,2026-06
TXN-HIST-2026-06-0519,BANK-OPERATING,2026-06-11,-357900,-3579.0,USD,Hartford Insurance,HIST-0519,OUT Hartford Insurance,2026-06
TXN-HIST-2026-06-0520,BANK-PAYROLL,2026-06-11,-362000,-3620.0,USD,Cambridge Properties,HIST-0520,OUT Cambridge Properties,2026-06
TXN-HIST-2026-06-0521,BANK-OPERATING,2026-06-13,366100,3661.0,USD,Hartford Insurance,HIST-0521,IN Hartford Insurance,2026-06
TXN-HIST-2026-06-0522,BANK-OPERATING,2026-06-13,-370200,-3702.0,USD,Cambridge Properties,HIST-0522,OUT Cambridge Properties,2026-06
TXN-HIST-2026-06-0523,BANK-OPERATING,2026-06-13,-374300,-3743.0,USD,Harbor Electric,HIST-0523,OUT Harbor Electric,2026-06
TXN-HIST-2026-06-0524,BANK-PAYROLL,2026-06-13,-378400,-3784.0,USD,GitHub,HIST-0524,OUT GitHub,2026-06
TXN-HIST-2026-06-0525,BANK-OPERATING,2026-06-15,382500,3825.0,USD,Harbor Electric,HIST-0525,IN Harbor Electric,2026-06
TXN-HIST-2026-06-0526,BANK-OPERATING,2026-06-15,-386600,-3866.0,USD,GitHub,HIST-0526,OUT GitHub,2026-06
TXN-HIST-2026-06-0527,BANK-OPERATING,2026-06-15,-390700,-3907.0,USD,Freightline Logistics,HIST-0527,OUT Freightline Logistics,2026-06
TXN-HIST-2026-06-0528,BANK-PAYROLL,2026-06-15,-394800,-3948.0,USD,Misc Supplies,HIST-0528,OUT Misc Supplies,2026-06
TXN-HIST-2026-06-0529,BANK-OPERATING,2026-06-17,398900,3989.0,USD,Freightline Logistics,HIST-0529,IN Freightline Logistics,2026-06
TXN-HIST-2026-06-0530,BANK-OPERATING,2026-06-17,-403000,-4030.0,USD,Misc Supplies,HIST-0530,OUT Misc Supplies,2026-06
TXN-HIST-2026-06-0531,BANK-OPERATING,2026-06-17,-407100,-4071.0,USD,Notion Labs,HIST-0531,OUT Notion Labs,2026-06
TXN-HIST-2026-06-0532,BANK-PAYROLL,2026-06-17,-411200,-4112.0,USD,Okta,HIST-0532,OUT Okta,2026-06
TXN-HIST-2026-06-0533,BANK-OPERATING,2026-06-19,415300,4153.0,USD,Notion Labs,HIST-0533,IN Notion Labs,2026-06
TXN-HIST-2026-06-0534,BANK-OPERATING,2026-06-19,-419400,-4194.0,USD,Okta,HIST-0534,OUT Okta,2026-06
TXN-HIST-2026-06-0535,BANK-OPERATING,2026-06-19,-423500,-4235.0,USD,Zoom Video,HIST-0535,OUT Zoom Video,2026-06
TXN-HIST-2026-06-0536,BANK-PAYROLL,2026-06-19,-427600,-4276.0,USD,Cloudflare,HIST-0536,OUT Cloudflare,2026-06
TXN-HIST-2026-06-0537,BANK-OPERATING,2026-06-21,431700,4317.0,USD,Zoom Video,HIST-0537,IN Zoom Video,2026-06
TXN-HIST-2026-06-0538,BANK-OPERATING,2026-06-21,-435800,-4358.0,USD,Cloudflare,HIST-0538,OUT Cloudflare,2026-06
TXN-HIST-2026-06-0539,BANK-OPERATING,2026-06-21,-439900,-4399.0,USD,Helios Hardware Supply,HIST-0539,OUT Helios Hardware Supply,2026-06
TXN-HIST-2026-06-0540,BANK-PAYROLL,2026-06-21,-444000,-4440.0,USD,Staples Business Advantage,HIST-0540,OUT Staples Business Advantage,2026-06
TXN-HIST-2026-06-0541,BANK-OPERATING,2026-06-23,448100,4481.0,USD,Helios Hardware Supply,HIST-0541,IN Helios Hardware Supply,2026-06
TXN-HIST-2026-06-0542,BANK-OPERATING,2026-06-23,-452200,-4522.0,USD,Staples Business Advantage,HIST-0542,OUT Staples Business Advantage,2026-06
TXN-HIST-2026-06-0543,BANK-OPERATING,2026-06-23,-456300,-4563.0,USD,ADP,HIST-0543,OUT ADP,2026-06
TXN-HIST-2026-06-0544,BANK-PAYROLL,2026-06-23,-460400,-4604.0,USD,Comcast Business,HIST-0544,OUT Comcast Business,2026-06
TXN-HIST-2026-06-0545,BANK-OPERATING,2026-06-25,464500,4645.0,USD,ADP,HIST-0545,IN ADP,2026-06
TXN-HIST-2026-06-0546,BANK-OPERATING,2026-06-25,-468600,-4686.0,USD,Comcast Business,HIST-0546,OUT Comcast Business,2026-06
TXN-HIST-2026-06-0547,BANK-OPERATING,2026-06-25,-472700,-4727.0,USD,CleanRoom Janitorial,HIST-0547,OUT CleanRoom Janitorial,2026-06
TXN-HIST-2026-06-0548,BANK-PAYROLL,2026-06-25,-476800,-4768.0,USD,HubSpot,HIST-0548,OUT HubSpot,2026-06
TXN-HIST-2026-06-0549,BANK-OPERATING,2026-06-27,480900,4809.0,USD,CleanRoom Janitorial,HIST-0549,IN CleanRoom Janitorial,2026-06
TXN-HIST-2026-06-0550,BANK-OPERATING,2026-06-27,-485000,-4850.0,USD,HubSpot,HIST-0550,OUT HubSpot,2026-06
TXN-HIST-2026-06-0551,BANK-OPERATING,2026-06-27,-489100,-4891.0,USD,Adyen NV,HIST-0551,OUT Adyen NV,2026-06
TXN-HIST-2026-06-0552,BANK-PAYROLL,2026-06-27,-493200,-4932.0,USD,Palo Alto Networks,HIST-0552,OUT Palo Alto Networks,2026-06
TXN-HIST-2026-06-0553,BANK-OPERATING,2026-06-29,497300,4973.0,USD,Adyen NV,HIST-0553,IN Adyen NV,2026-06
TXN-HIST-2026-06-0554,BANK-OPERATING,2026-06-29,-501400,-5014.0,USD,Palo Alto Networks,HIST-0554,OUT Palo Alto Networks,2026-06
TXN-HIST-2026-06-0555,BANK-OPERATING,2026-06-29,-505500,-5055.0,USD,Carta,HIST-0555,OUT Carta,2026-06
TXN-HIST-2026-06-0556,BANK-PAYROLL,2026-06-29,-509600,-5096.0,USD,Vanta,HIST-0556,OUT Vanta,2026-06
TXN-HIST-2026-07-0557,BANK-OPERATING,2026-07-01,513700,5137.0,USD,Carta,HIST-0557,IN Carta,2026-07
TXN-HIST-2026-07-0558,BANK-OPERATING,2026-07-01,-517800,-5178.0,USD,Vanta,HIST-0558,OUT Vanta,2026-07
TXN-HIST-2026-07-0559,BANK-OPERATING,2026-07-01,-521900,-5219.0,USD,Acme Supplies,HIST-0559,OUT Acme Supplies,2026-07
TXN-HIST-2026-07-0560,BANK-PAYROLL,2026-07-01,-526000,-5260.0,USD,Acme Supply Co.,HIST-0560,OUT Acme Supply Co.,2026-07
TXN-HIST-2026-07-0561,BANK-OPERATING,2026-07-03,530100,5301.0,USD,Acme Supplies,HIST-0561,IN Acme Supplies,2026-07
TXN-HIST-2026-07-0562,BANK-OPERATING,2026-07-03,-534200,-5342.0,USD,Acme Supply Co.,HIST-0562,OUT Acme Supply Co.,2026-07
TXN-HIST-2026-07-0563,BANK-OPERATING,2026-07-03,-538300,-5383.0,USD,Northline Fabrication,HIST-0563,OUT Northline Fabrication,2026-07
TXN-HIST-2026-07-0564,BANK-PAYROLL,2026-07-03,-542400,-5424.0,USD,Helios Hardware,HIST-0564,OUT Helios Hardware,2026-07
TXN-HIST-2026-07-0565,BANK-OPERATING,2026-07-05,546500,5465.0,USD,Northline Fabrication,HIST-0565,IN Northline Fabrication,2026-07
TXN-HIST-2026-07-0566,BANK-OPERATING,2026-07-05,-550600,-5506.0,USD,Helios Hardware,HIST-0566,OUT Helios Hardware,2026-07
TXN-HIST-2026-07-0567,BANK-OPERATING,2026-07-05,-554700,-5547.0,USD,Slack Technologies,HIST-0567,OUT Slack Technologies,2026-07
TXN-HIST-2026-07-0568,BANK-PAYROLL,2026-07-05,-558800,-5588.0,USD,Google Cloud,HIST-0568,OUT Google Cloud,2026-07
TXN-HIST-2026-07-0569,BANK-OPERATING,2026-07-07,562900,5629.0,USD,Slack Technologies,HIST-0569,IN Slack Technologies,2026-07
TXN-HIST-2026-07-0570,BANK-OPERATING,2026-07-07,-567000,-5670.0,USD,Google Cloud,HIST-0570,OUT Google Cloud,2026-07
TXN-HIST-2026-07-0571,BANK-OPERATING,2026-07-07,-571100,-5711.0,USD,Orbit Analytics,HIST-0571,OUT Orbit Analytics,2026-07
TXN-HIST-2026-07-0572,BANK-PAYROLL,2026-07-07,-575200,-5752.0,USD,Dell Technologies,HIST-0572,OUT Dell Technologies,2026-07
TXN-HIST-2026-07-0573,BANK-OPERATING,2026-07-09,579300,5793.0,USD,Orbit Analytics,HIST-0573,IN Orbit Analytics,2026-07
TXN-HIST-2026-07-0574,BANK-OPERATING,2026-07-09,-583400,-5834.0,USD,Dell Technologies,HIST-0574,OUT Dell Technologies,2026-07
TXN-HIST-2026-07-0575,BANK-OPERATING,2026-07-09,-587500,-5875.0,USD,Lindholm & Ruiz LLP,HIST-0575,OUT Lindholm & Ruiz LLP,2026-07
TXN-HIST-2026-07-0576,BANK-PAYROLL,2026-07-09,-591600,-5916.0,USD,Shadow Vendor LLC,HIST-0576,OUT Shadow Vendor LLC,2026-07
TXN-HIST-2026-07-0577,BANK-OPERATING,2026-07-11,595700,5957.0,USD,Lindholm & Ruiz LLP,HIST-0577,IN Lindholm & Ruiz LLP,2026-07
TXN-HIST-2026-07-0578,BANK-OPERATING,2026-07-11,-599800,-5998.0,USD,Shadow Vendor LLC,HIST-0578,OUT Shadow Vendor LLC,2026-07
TXN-HIST-2026-07-0579,BANK-OPERATING,2026-07-11,-603900,-6039.0,USD,Lenovo,HIST-0579,OUT Lenovo,2026-07
TXN-HIST-2026-07-0580,BANK-PAYROLL,2026-07-11,-608000,-6080.0,USD,Twilio,HIST-0580,OUT Twilio,2026-07
TXN-HIST-2026-07-0581,BANK-OPERATING,2026-07-13,612100,6121.0,USD,Lenovo,HIST-0581,IN Lenovo,2026-07
TXN-HIST-2026-07-0582,BANK-OPERATING,2026-07-13,-616200,-6162.0,USD,Twilio,HIST-0582,OUT Twilio,2026-07
TXN-HIST-2026-07-0583,BANK-OPERATING,2026-07-13,-620300,-6203.0,USD,Snowflake,HIST-0583,OUT Snowflake,2026-07
TXN-HIST-2026-07-0584,BANK-PAYROLL,2026-07-13,-624400,-6244.0,USD,CrowdStrike,HIST-0584,OUT CrowdStrike,2026-07
TXN-HIST-2026-07-0585,BANK-OPERATING,2026-07-15,628500,6285.0,USD,Snowflake,HIST-0585,IN Snowflake,2026-07
TXN-HIST-2026-07-0586,BANK-OPERATING,2026-07-15,-632600,-6326.0,USD,CrowdStrike,HIST-0586,OUT CrowdStrike,2026-07
TXN-HIST-2026-07-0587,BANK-OPERATING,2026-07-15,-636700,-6367.0,USD,Atlassian,HIST-0587,OUT Atlassian,2026-07
TXN-HIST-2026-07-0588,BANK-PAYROLL,2026-07-15,-640800,-6408.0,USD,Northline Fab Group,HIST-0588,OUT Northline Fab Group,2026-07
TXN-HIST-2026-07-0589,BANK-OPERATING,2026-07-17,644900,6449.0,USD,Atlassian,HIST-0589,IN Atlassian,2026-07
TXN-HIST-2026-07-0590,BANK-OPERATING,2026-07-17,-649000,-6490.0,USD,Northline Fab Group,HIST-0590,OUT Northline Fab Group,2026-07
TXN-HIST-2026-07-0591,BANK-OPERATING,2026-07-17,-653100,-6531.0,USD,Harbor Power & Light,HIST-0591,OUT Harbor Power & Light,2026-07
TXN-HIST-2026-07-0592,BANK-PAYROLL,2026-07-17,-657200,-6572.0,USD,FedEx,HIST-0592,OUT FedEx,2026-07
TXN-HIST-2026-07-0593,BANK-OPERATING,2026-07-19,661300,6613.0,USD,Harbor Power & Light,HIST-0593,IN Harbor Power & Light,2026-07
TXN-HIST-2026-07-0594,BANK-OPERATING,2026-07-19,-665400,-6654.0,USD,FedEx,HIST-0594,OUT FedEx,2026-07
TXN-HIST-2026-07-0595,BANK-OPERATING,2026-07-19,-669500,-6695.0,USD,WeWork Cambridge,HIST-0595,OUT WeWork Cambridge,2026-07
TXN-HIST-2026-07-0596,BANK-PAYROLL,2026-07-19,-673600,-6736.0,USD,Pagaya Coffee Service,HIST-0596,OUT Pagaya Coffee Service,2026-07
TXN-HIST-2026-07-0597,BANK-OPERATING,2026-07-21,677700,6777.0,USD,WeWork Cambridge,HIST-0597,IN WeWork Cambridge,2026-07
TXN-HIST-2026-07-0598,BANK-OPERATING,2026-07-21,-681800,-6818.0,USD,Pagaya Coffee Service,HIST-0598,OUT Pagaya Coffee Service,2026-07
TXN-HIST-2026-07-0599,BANK-OPERATING,2026-07-21,-685900,-6859.0,USD,Kendall Square Parking,HIST-0599,OUT Kendall Square Parking,2026-07
TXN-HIST-2026-07-0600,BANK-PAYROLL,2026-07-21,-690000,-6900.0,USD,Stripe Processing,HIST-0600,OUT Stripe Processing,2026-07
TXN-HIST-2026-07-0601,BANK-OPERATING,2026-07-23,694100,6941.0,USD,Kendall Square Parking,HIST-0601,IN Kendall Square Parking,2026-07
TXN-HIST-2026-07-0602,BANK-OPERATING,2026-07-23,-698200,-6982.0,USD,Stripe Processing,HIST-0602,OUT Stripe Processing,2026-07
TXN-HIST-2026-07-0603,BANK-OPERATING,2026-07-23,-702300,-7023.0,USD,DocuSign,HIST-0603,OUT DocuSign,2026-07
TXN-HIST-2026-07-0604,BANK-PAYROLL,2026-07-23,-706400,-7064.0,USD,Boston Edison Steam,HIST-0604,OUT Boston Edison Steam,2026-07
TXN-HIST-2026-07-0605,BANK-OPERATING,2026-07-25,90500,905.0,USD,DocuSign,HIST-0605,IN DocuSign,2026-07
TXN-HIST-2026-07-0606,BANK-OPERATING,2026-07-25,-94600,-946.0,USD,Boston Edison Steam,HIST-0606,OUT Boston Edison Steam,2026-07
TXN-HIST-2026-07-0607,BANK-OPERATING,2026-07-25,-98700,-987.0,USD,Gusto Payroll,HIST-0607,OUT Gusto Payroll,2026-07
TXN-HIST-2026-07-0608,BANK-PAYROLL,2026-07-25,-102800,-1028.0,USD,Linear App,HIST-0608,OUT Linear App,2026-07
TXN-HIST-2026-07-0609,BANK-OPERATING,2026-07-27,106900,1069.0,USD,Gusto Payroll,HIST-0609,IN Gusto Payroll,2026-07
TXN-HIST-2026-07-0610,BANK-OPERATING,2026-07-27,-111000,-1110.0,USD,Linear App,HIST-0610,OUT Linear App,2026-07
TXN-HIST-2026-07-0611,BANK-OPERATING,2026-07-27,-115100,-1151.0,USD,Acme Supplies LLC,HIST-0611,OUT Acme Supplies LLC,2026-07
TXN-HIST-2026-07-0612,BANK-PAYROLL,2026-07-27,-119200,-1192.0,USD,Amazon Web Services,HIST-0612,OUT Amazon Web Services,2026-07
TXN-HIST-2026-07-0613,BANK-OPERATING,2026-07-29,123300,1233.0,USD,Acme Supplies LLC,HIST-0613,IN Acme Supplies LLC,2026-07
TXN-HIST-2026-07-0614,BANK-OPERATING,2026-07-29,-127400,-1274.0,USD,Amazon Web Services,HIST-0614,OUT Amazon Web Services,2026-07
TXN-HIST-2026-07-0615,BANK-OPERATING,2026-07-29,-131500,-1315.0,USD,Office Depot,HIST-0615,OUT Office Depot,2026-07
TXN-HIST-2026-07-0616,BANK-PAYROLL,2026-07-29,-135600,-1356.0,USD,Datadog,HIST-0616,OUT Datadog,2026-07
TXN-HIST-2026-07-0617,BANK-OPERATING,2026-07-31,139700,1397.0,USD,Office Depot,HIST-0617,IN Office Depot,2026-07
TXN-HIST-2026-07-0618,BANK-OPERATING,2026-07-31,-143800,-1438.0,USD,Datadog,HIST-0618,OUT Datadog,2026-07
TXN-HIST-2026-07-0619,BANK-OPERATING,2026-07-31,-147900,-1479.0,USD,Figma,HIST-0619,OUT Figma,2026-07
TXN-HIST-2026-07-0620,BANK-PAYROLL,2026-07-31,-152000,-1520.0,USD,Hartford Insurance,HIST-0620,OUT Hartford Insurance,2026-07
TXN-HIST-2026-08-0621,BANK-OPERATING,2026-08-01,156100,1561.0,USD,Figma,HIST-0621,IN Figma,2026-08
TXN-HIST-2026-08-0622,BANK-OPERATING,2026-08-01,-160200,-1602.0,USD,Hartford Insurance,HIST-0622,OUT Hartford Insurance,2026-08
TXN-HIST-2026-08-0623,BANK-OPERATING,2026-08-01,-164300,-1643.0,USD,Cambridge Properties,HIST-0623,OUT Cambridge Properties,2026-08
TXN-HIST-2026-08-0624,BANK-PAYROLL,2026-08-01,-168400,-1684.0,USD,Harbor Electric,HIST-0624,OUT Harbor Electric,2026-08
TXN-HIST-2026-08-0625,BANK-OPERATING,2026-08-03,172500,1725.0,USD,Cambridge Properties,HIST-0625,IN Cambridge Properties,2026-08
TXN-HIST-2026-08-0626,BANK-OPERATING,2026-08-03,-176600,-1766.0,USD,Harbor Electric,HIST-0626,OUT Harbor Electric,2026-08
TXN-HIST-2026-08-0627,BANK-OPERATING,2026-08-03,-180700,-1807.0,USD,GitHub,HIST-0627,OUT GitHub,2026-08
TXN-HIST-2026-08-0628,BANK-PAYROLL,2026-08-03,-184800,-1848.0,USD,Freightline Logistics,HIST-0628,OUT Freightline Logistics,2026-08
TXN-HIST-2026-08-0629,BANK-OPERATING,2026-08-05,188900,1889.0,USD,GitHub,HIST-0629,IN GitHub,2026-08
TXN-HIST-2026-08-0630,BANK-OPERATING,2026-08-05,-193000,-1930.0,USD,Freightline Logistics,HIST-0630,OUT Freightline Logistics,2026-08
TXN-HIST-2026-08-0631,BANK-OPERATING,2026-08-05,-197100,-1971.0,USD,Misc Supplies,HIST-0631,OUT Misc Supplies,2026-08
TXN-HIST-2026-08-0632,BANK-PAYROLL,2026-08-05,-201200,-2012.0,USD,Notion Labs,HIST-0632,OUT Notion Labs,2026-08
TXN-HIST-2026-08-0633,BANK-OPERATING,2026-08-07,205300,2053.0,USD,Misc Supplies,HIST-0633,IN Misc Supplies,2026-08
TXN-HIST-2026-08-0634,BANK-OPERATING,2026-08-07,-209400,-2094.0,USD,Notion Labs,HIST-0634,OUT Notion Labs,2026-08
TXN-HIST-2026-08-0635,BANK-OPERATING,2026-08-07,-213500,-2135.0,USD,Okta,HIST-0635,OUT Okta,2026-08
TXN-HIST-2026-08-0636,BANK-PAYROLL,2026-08-07,-217600,-2176.0,USD,Zoom Video,HIST-0636,OUT Zoom Video,2026-08
TXN-HIST-2026-08-0637,BANK-OPERATING,2026-08-09,221700,2217.0,USD,Okta,HIST-0637,IN Okta,2026-08
TXN-HIST-2026-08-0638,BANK-OPERATING,2026-08-09,-225800,-2258.0,USD,Zoom Video,HIST-0638,OUT Zoom Video,2026-08
TXN-HIST-2026-08-0639,BANK-OPERATING,2026-08-09,-229900,-2299.0,USD,Cloudflare,HIST-0639,OUT Cloudflare,2026-08
TXN-HIST-2026-08-0640,BANK-PAYROLL,2026-08-09,-234000,-2340.0,USD,Helios Hardware Supply,HIST-0640,OUT Helios Hardware Supply,2026-08
TXN-HIST-2026-08-0641,BANK-OPERATING,2026-08-11,238100,2381.0,USD,Cloudflare,HIST-0641,IN Cloudflare,2026-08
TXN-HIST-2026-08-0642,BANK-OPERATING,2026-08-11,-242200,-2422.0,USD,Helios Hardware Supply,HIST-0642,OUT Helios Hardware Supply,2026-08
TXN-HIST-2026-08-0643,BANK-OPERATING,2026-08-11,-246300,-2463.0,USD,Staples Business Advantage,HIST-0643,OUT Staples Business Advantage,2026-08
TXN-HIST-2026-08-0644,BANK-PAYROLL,2026-08-11,-250400,-2504.0,USD,ADP,HIST-0644,OUT ADP,2026-08
TXN-HIST-2026-08-0645,BANK-OPERATING,2026-08-13,254500,2545.0,USD,Staples Business Advantage,HIST-0645,IN Staples Business Advantage,2026-08
TXN-HIST-2026-08-0646,BANK-OPERATING,2026-08-13,-258600,-2586.0,USD,ADP,HIST-0646,OUT ADP,2026-08
TXN-HIST-2026-08-0647,BANK-OPERATING,2026-08-13,-262700,-2627.0,USD,Comcast Business,HIST-0647,OUT Comcast Business,2026-08
TXN-HIST-2026-08-0648,BANK-PAYROLL,2026-08-13,-266800,-2668.0,USD,CleanRoom Janitorial,HIST-0648,OUT CleanRoom Janitorial,2026-08
TXN-HIST-2026-08-0649,BANK-OPERATING,2026-08-15,270900,2709.0,USD,Comcast Business,HIST-0649,IN Comcast Business,2026-08
TXN-HIST-2026-08-0650,BANK-OPERATING,2026-08-15,-275000,-2750.0,USD,CleanRoom Janitorial,HIST-0650,OUT CleanRoom Janitorial,2026-08
TXN-HIST-2026-08-0651,BANK-OPERATING,2026-08-15,-279100,-2791.0,USD,HubSpot,HIST-0651,OUT HubSpot,2026-08
TXN-HIST-2026-08-0652,BANK-PAYROLL,2026-08-15,-283200,-2832.0,USD,Adyen NV,HIST-0652,OUT Adyen NV,2026-08
TXN-HIST-2026-08-0653,BANK-OPERATING,2026-08-17,287300,2873.0,USD,HubSpot,HIST-0653,IN HubSpot,2026-08
TXN-HIST-2026-08-0654,BANK-OPERATING,2026-08-17,-291400,-2914.0,USD,Adyen NV,HIST-0654,OUT Adyen NV,2026-08
TXN-HIST-2026-08-0655,BANK-OPERATING,2026-08-17,-295500,-2955.0,USD,Palo Alto Networks,HIST-0655,OUT Palo Alto Networks,2026-08
TXN-HIST-2026-08-0656,BANK-PAYROLL,2026-08-17,-299600,-2996.0,USD,Carta,HIST-0656,OUT Carta,2026-08
TXN-HIST-2026-08-0657,BANK-OPERATING,2026-08-19,303700,3037.0,USD,Palo Alto Networks,HIST-0657,IN Palo Alto Networks,2026-08
TXN-HIST-2026-08-0658,BANK-OPERATING,2026-08-19,-307800,-3078.0,USD,Carta,HIST-0658,OUT Carta,2026-08
TXN-HIST-2026-08-0659,BANK-OPERATING,2026-08-19,-311900,-3119.0,USD,Vanta,HIST-0659,OUT Vanta,2026-08
TXN-HIST-2026-08-0660,BANK-PAYROLL,2026-08-19,-316000,-3160.0,USD,Acme Supplies,HIST-0660,OUT Acme Supplies,2026-08
TXN-HIST-2026-08-0661,BANK-OPERATING,2026-08-21,320100,3201.0,USD,Vanta,HIST-0661,IN Vanta,2026-08
TXN-HIST-2026-08-0662,BANK-OPERATING,2026-08-21,-324200,-3242.0,USD,Acme Supplies,HIST-0662,OUT Acme Supplies,2026-08
TXN-HIST-2026-08-0663,BANK-OPERATING,2026-08-21,-328300,-3283.0,USD,Acme Supply Co.,HIST-0663,OUT Acme Supply Co.,2026-08
TXN-HIST-2026-08-0664,BANK-PAYROLL,2026-08-21,-332400,-3324.0,USD,Northline Fabrication,HIST-0664,OUT Northline Fabrication,2026-08
TXN-HIST-2026-08-0665,BANK-OPERATING,2026-08-23,336500,3365.0,USD,Acme Supply Co.,HIST-0665,IN Acme Supply Co.,2026-08
TXN-HIST-2026-08-0666,BANK-OPERATING,2026-08-23,-340600,-3406.0,USD,Northline Fabrication,HIST-0666,OUT Northline Fabrication,2026-08
TXN-HIST-2026-08-0667,BANK-OPERATING,2026-08-23,-344700,-3447.0,USD,Helios Hardware,HIST-0667,OUT Helios Hardware,2026-08
TXN-HIST-2026-08-0668,BANK-PAYROLL,2026-08-23,-348800,-3488.0,USD,Slack Technologies,HIST-0668,OUT Slack Technologies,2026-08
TXN-HIST-2026-08-0669,BANK-OPERATING,2026-08-25,352900,3529.0,USD,Helios Hardware,HIST-0669,IN Helios Hardware,2026-08
TXN-HIST-2026-08-0670,BANK-OPERATING,2026-08-25,-357000,-3570.0,USD,Slack Technologies,HIST-0670,OUT Slack Technologies,2026-08
TXN-HIST-2026-08-0671,BANK-OPERATING,2026-08-25,-361100,-3611.0,USD,Google Cloud,HIST-0671,OUT Google Cloud,2026-08
TXN-HIST-2026-08-0672,BANK-PAYROLL,2026-08-25,-365200,-3652.0,USD,Orbit Analytics,HIST-0672,OUT Orbit Analytics,2026-08
TXN-HIST-2026-08-0673,BANK-OPERATING,2026-08-27,369300,3693.0,USD,Google Cloud,HIST-0673,IN Google Cloud,2026-08
TXN-HIST-2026-08-0674,BANK-OPERATING,2026-08-27,-373400,-3734.0,USD,Orbit Analytics,HIST-0674,OUT Orbit Analytics,2026-08
TXN-HIST-2026-08-0675,BANK-OPERATING,2026-08-27,-377500,-3775.0,USD,Dell Technologies,HIST-0675,OUT Dell Technologies,2026-08
TXN-HIST-2026-08-0676,BANK-PAYROLL,2026-08-27,-381600,-3816.0,USD,Lindholm & Ruiz LLP,HIST-0676,OUT Lindholm & Ruiz LLP,2026-08
TXN-HIST-2026-08-0677,BANK-OPERATING,2026-08-29,385700,3857.0,USD,Dell Technologies,HIST-0677,IN Dell Technologies,2026-08
TXN-HIST-2026-08-0678,BANK-OPERATING,2026-08-29,-389800,-3898.0,USD,Lindholm & Ruiz LLP,HIST-0678,OUT Lindholm & Ruiz LLP,2026-08
TXN-HIST-2026-08-0679,BANK-OPERATING,2026-08-29,-393900,-3939.0,USD,Shadow Vendor LLC,HIST-0679,OUT Shadow Vendor LLC,2026-08
TXN-HIST-2026-08-0680,BANK-PAYROLL,2026-08-29,-398000,-3980.0,USD,Lenovo,HIST-0680,OUT Lenovo,2026-08
TXN-HIST-2026-08-0681,BANK-OPERATING,2026-08-31,402100,4021.0,USD,Shadow Vendor LLC,HIST-0681,IN Shadow Vendor LLC,2026-08
TXN-HIST-2026-08-0682,BANK-OPERATING,2026-08-31,-406200,-4062.0,USD,Lenovo,HIST-0682,OUT Lenovo,2026-08
TXN-HIST-2026-08-0683,BANK-OPERATING,2026-08-31,-410300,-4103.0,USD,Twilio,HIST-0683,OUT Twilio,2026-08
TXN-HIST-2026-08-0684,BANK-PAYROLL,2026-08-31,-414400,-4144.0,USD,Snowflake,HIST-0684,OUT Snowflake,2026-08
TXN-HIST-2026-10-0685,BANK-OPERATING,2026-10-01,418500,4185.0,USD,Twilio,HIST-0685,IN Twilio,2026-10
TXN-HIST-2026-10-0686,BANK-OPERATING,2026-10-01,-422600,-4226.0,USD,Snowflake,HIST-0686,OUT Snowflake,2026-10
TXN-HIST-2026-10-0687,BANK-OPERATING,2026-10-01,-426700,-4267.0,USD,CrowdStrike,HIST-0687,OUT CrowdStrike,2026-10
TXN-HIST-2026-10-0688,BANK-PAYROLL,2026-10-01,-430800,-4308.0,USD,Atlassian,HIST-0688,OUT Atlassian,2026-10
TXN-HIST-2026-10-0689,BANK-OPERATING,2026-10-03,434900,4349.0,USD,CrowdStrike,HIST-0689,IN CrowdStrike,2026-10
TXN-HIST-2026-10-0690,BANK-OPERATING,2026-10-03,-439000,-4390.0,USD,Atlassian,HIST-0690,OUT Atlassian,2026-10
TXN-HIST-2026-10-0691,BANK-OPERATING,2026-10-03,-443100,-4431.0,USD,Northline Fab Group,HIST-0691,OUT Northline Fab Group,2026-10
TXN-HIST-2026-10-0692,BANK-PAYROLL,2026-10-03,-447200,-4472.0,USD,Harbor Power & Light,HIST-0692,OUT Harbor Power & Light,2026-10
TXN-HIST-2026-10-0693,BANK-OPERATING,2026-10-05,451300,4513.0,USD,Northline Fab Group,HIST-0693,IN Northline Fab Group,2026-10
TXN-HIST-2026-10-0694,BANK-OPERATING,2026-10-05,-455400,-4554.0,USD,Harbor Power & Light,HIST-0694,OUT Harbor Power & Light,2026-10
TXN-HIST-2026-10-0695,BANK-OPERATING,2026-10-05,-459500,-4595.0,USD,FedEx,HIST-0695,OUT FedEx,2026-10
TXN-HIST-2026-10-0696,BANK-PAYROLL,2026-10-05,-463600,-4636.0,USD,WeWork Cambridge,HIST-0696,OUT WeWork Cambridge,2026-10
TXN-HIST-2026-10-0697,BANK-OPERATING,2026-10-07,467700,4677.0,USD,FedEx,HIST-0697,IN FedEx,2026-10
TXN-HIST-2026-10-0698,BANK-OPERATING,2026-10-07,-471800,-4718.0,USD,WeWork Cambridge,HIST-0698,OUT WeWork Cambridge,2026-10
TXN-HIST-2026-10-0699,BANK-OPERATING,2026-10-07,-475900,-4759.0,USD,Pagaya Coffee Service,HIST-0699,OUT Pagaya Coffee Service,2026-10
TXN-HIST-2026-10-0700,BANK-PAYROLL,2026-10-07,-480000,-4800.0,USD,Kendall Square Parking,HIST-0700,OUT Kendall Square Parking,2026-10
TXN-HIST-2026-10-0701,BANK-OPERATING,2026-10-09,484100,4841.0,USD,Pagaya Coffee Service,HIST-0701,IN Pagaya Coffee Service,2026-10
TXN-HIST-2026-10-0702,BANK-OPERATING,2026-10-09,-488200,-4882.0,USD,Kendall Square Parking,HIST-0702,OUT Kendall Square Parking,2026-10
TXN-HIST-2026-10-0703,BANK-OPERATING,2026-10-09,-492300,-4923.0,USD,Stripe Processing,HIST-0703,OUT Stripe Processing,2026-10
TXN-HIST-2026-10-0704,BANK-PAYROLL,2026-10-09,-496400,-4964.0,USD,DocuSign,HIST-0704,OUT DocuSign,2026-10
TXN-HIST-2026-10-0705,BANK-OPERATING,2026-10-11,500500,5005.0,USD,Stripe Processing,HIST-0705,IN Stripe Processing,2026-10
TXN-HIST-2026-10-0706,BANK-OPERATING,2026-10-11,-504600,-5046.0,USD,DocuSign,HIST-0706,OUT DocuSign,2026-10
TXN-HIST-2026-10-0707,BANK-OPERATING,2026-10-11,-508700,-5087.0,USD,Boston Edison Steam,HIST-0707,OUT Boston Edison Steam,2026-10
TXN-HIST-2026-10-0708,BANK-PAYROLL,2026-10-11,-512800,-5128.0,USD,Gusto Payroll,HIST-0708,OUT Gusto Payroll,2026-10
TXN-HIST-2026-10-0709,BANK-OPERATING,2026-10-13,516900,5169.0,USD,Boston Edison Steam,HIST-0709,IN Boston Edison Steam,2026-10
TXN-HIST-2026-10-0710,BANK-OPERATING,2026-10-13,-521000,-5210.0,USD,Gusto Payroll,HIST-0710,OUT Gusto Payroll,2026-10
TXN-HIST-2026-10-0711,BANK-OPERATING,2026-10-13,-525100,-5251.0,USD,Linear App,HIST-0711,OUT Linear App,2026-10
TXN-HIST-2026-10-0712,BANK-PAYROLL,2026-10-13,-529200,-5292.0,USD,Acme Supplies LLC,HIST-0712,OUT Acme Supplies LLC,2026-10
TXN-HIST-2026-10-0713,BANK-OPERATING,2026-10-15,533300,5333.0,USD,Linear App,HIST-0713,IN Linear App,2026-10
TXN-HIST-2026-10-0714,BANK-OPERATING,2026-10-15,-537400,-5374.0,USD,Acme Supplies LLC,HIST-0714,OUT Acme Supplies LLC,2026-10
TXN-HIST-2026-10-0715,BANK-OPERATING,2026-10-15,-541500,-5415.0,USD,Amazon Web Services,HIST-0715,OUT Amazon Web Services,2026-10
TXN-HIST-2026-10-0716,BANK-PAYROLL,2026-10-15,-545600,-5456.0,USD,Office Depot,HIST-0716,OUT Office Depot,2026-10
TXN-HIST-2026-10-0717,BANK-OPERATING,2026-10-17,549700,5497.0,USD,Amazon Web Services,HIST-0717,IN Amazon Web Services,2026-10
TXN-HIST-2026-10-0718,BANK-OPERATING,2026-10-17,-553800,-5538.0,USD,Office Depot,HIST-0718,OUT Office Depot,2026-10
TXN-HIST-2026-10-0719,BANK-OPERATING,2026-10-17,-557900,-5579.0,USD,Datadog,HIST-0719,OUT Datadog,2026-10
TXN-HIST-2026-10-0720,BANK-PAYROLL,2026-10-17,-562000,-5620.0,USD,Figma,HIST-0720,OUT Figma,2026-10
TXN-HIST-2026-10-0721,BANK-OPERATING,2026-10-19,566100,5661.0,USD,Datadog,HIST-0721,IN Datadog,2026-10
TXN-HIST-2026-10-0722,BANK-OPERATING,2026-10-19,-570200,-5702.0,USD,Figma,HIST-0722,OUT Figma,2026-10
TXN-HIST-2026-10-0723,BANK-OPERATING,2026-10-19,-574300,-5743.0,USD,Hartford Insurance,HIST-0723,OUT Hartford Insurance,2026-10
TXN-HIST-2026-10-0724,BANK-PAYROLL,2026-10-19,-578400,-5784.0,USD,Cambridge Properties,HIST-0724,OUT Cambridge Properties,2026-10
TXN-HIST-2026-10-0725,BANK-OPERATING,2026-10-21,582500,5825.0,USD,Hartford Insurance,HIST-0725,IN Hartford Insurance,2026-10
TXN-HIST-2026-10-0726,BANK-OPERATING,2026-10-21,-586600,-5866.0,USD,Cambridge Properties,HIST-0726,OUT Cambridge Properties,2026-10
TXN-HIST-2026-10-0727,BANK-OPERATING,2026-10-21,-590700,-5907.0,USD,Harbor Electric,HIST-0727,OUT Harbor Electric,2026-10
TXN-HIST-2026-10-0728,BANK-PAYROLL,2026-10-21,-594800,-5948.0,USD,GitHub,HIST-0728,OUT GitHub,2026-10
TXN-HIST-2026-10-0729,BANK-OPERATING,2026-10-23,598900,5989.0,USD,Harbor Electric,HIST-0729,IN Harbor Electric,2026-10
TXN-HIST-2026-10-0730,BANK-OPERATING,2026-10-23,-603000,-6030.0,USD,GitHub,HIST-0730,OUT GitHub,2026-10
TXN-HIST-2026-10-0731,BANK-OPERATING,2026-10-23,-607100,-6071.0,USD,Freightline Logistics,HIST-0731,OUT Freightline Logistics,2026-10
TXN-HIST-2026-10-0732,BANK-PAYROLL,2026-10-23,-611200,-6112.0,USD,Misc Supplies,HIST-0732,OUT Misc Supplies,2026-10
TXN-HIST-2026-10-0733,BANK-OPERATING,2026-10-25,615300,6153.0,USD,Freightline Logistics,HIST-0733,IN Freightline Logistics,2026-10
TXN-HIST-2026-10-0734,BANK-OPERATING,2026-10-25,-619400,-6194.0,USD,Misc Supplies,HIST-0734,OUT Misc Supplies,2026-10
TXN-HIST-2026-10-0735,BANK-OPERATING,2026-10-25,-623500,-6235.0,USD,Notion Labs,HIST-0735,OUT Notion Labs,2026-10
TXN-HIST-2026-10-0736,BANK-PAYROLL,2026-10-25,-627600,-6276.0,USD,Okta,HIST-0736,OUT Okta,2026-10
TXN-HIST-2026-10-0737,BANK-OPERATING,2026-10-27,631700,6317.0,USD,Notion Labs,HIST-0737,IN Notion Labs,2026-10
TXN-HIST-2026-10-0738,BANK-OPERATING,2026-10-27,-635800,-6358.0,USD,Okta,HIST-0738,OUT Okta,2026-10
TXN-HIST-2026-10-0739,BANK-OPERATING,2026-10-27,-639900,-6399.0,USD,Zoom Video,HIST-0739,OUT Zoom Video,2026-10
TXN-HIST-2026-10-0740,BANK-PAYROLL,2026-10-27,-644000,-6440.0,USD,Cloudflare,HIST-0740,OUT Cloudflare,2026-10
TXN-HIST-2026-10-0741,BANK-OPERATING,2026-10-29,648100,6481.0,USD,Zoom Video,HIST-0741,IN Zoom Video,2026-10
TXN-HIST-2026-10-0742,BANK-OPERATING,2026-10-29,-652200,-6522.0,USD,Cloudflare,HIST-0742,OUT Cloudflare,2026-10
TXN-HIST-2026-10-0743,BANK-OPERATING,2026-10-29,-656300,-6563.0,USD,Helios Hardware Supply,HIST-0743,OUT Helios Hardware Supply,2026-10
TXN-HIST-2026-10-0744,BANK-PAYROLL,2026-10-29,-660400,-6604.0,USD,Staples Business Advantage,HIST-0744,OUT Staples Business Advantage,2026-10
TXN-HIST-2026-10-0745,BANK-OPERATING,2026-10-31,664500,6645.0,USD,Helios Hardware Supply,HIST-0745,IN Helios Hardware Supply,2026-10
TXN-HIST-2026-10-0746,BANK-OPERATING,2026-10-31,-668600,-6686.0,USD,Staples Business Advantage,HIST-0746,OUT Staples Business Advantage,2026-10
TXN-HIST-2026-10-0747,BANK-OPERATING,2026-10-31,-672700,-6727.0,USD,ADP,HIST-0747,OUT ADP,2026-10
TXN-HIST-2026-10-0748,BANK-PAYROLL,2026-10-31,-676800,-6768.0,USD,Comcast Business,HIST-0748,OUT Comcast Business,2026-10
